1,1,1,491,209,-1,-1,-10267898
2,1,2,490,208,0.182,0.091,-9544435
3,1,3,490,208,0,0,-10136313
4,1,4,490,208,0,0,-10856443
5,1,5,488,209,0.288,0.144,-10857725
6,1,6,488,209,0,0,-10858238
7,1,7,490,208,0.288,0.144,-10135289
8,1,8,490,208,0,0,-10857213
9,1,9,489,208,-0.129,-0.064,-9872887
10,1,10,489,208,0,0,-10530554
11,1,11,489,208,0,0,-10463994
12,1,12,488,207,-0.182,-0.091,-10530300
13,1,13,488,207,0,0,-10398461
14,1,14,490,207,-0.258,-0.129,-10791933
15,1,15,490,207,0,0,-9611766
16,1,16,491,205,-0.288,-0.144,-9479923
17,1,17,491,205,0,0,-10004986
18,1,18,491,205,0,0,-10201336
19,1,19,488,204,0.408,0.204,-10072060
20,1,20,488,206,-0.258,-0.129,-9743095
21,1,21,490,206,-0.258,-0.129,-10070779
22,1,22,489,206,0.129,0.064,-10202106
23,1,23,489,206,0,0,-9412849
24,1,24,489,206,0,0,-9610992
25,1,25,487,206,0.258,0.129,-10069246
26,1,26,489,208,-0.365,-0.182,-9743095
27,1,27,487,208,0.258,0.129,-9413876
28,1,28,487,208,0,0,-9348083
29,1,29,487,208,0,0,-9348083
30,1,30,489,208,-0.258,-0.129,-9348083
31,1,31,489,208,0,0,-9413362
32,1,32,489,208,0,0,-9348596
33,1,33,487,208,0.258,0.129,-10135289
34,1,34,488,208,-0.129,-0.064,-9413876
35,1,35,487,208,0.129,0.064,-9479669
36,1,36,487,208,0,0,-10202878
37,1,37,487,208,0,0,-9676023
38,1,38,487,208,0,0,-9349876
39,1,39,487,208,0,0,-9743605
40,1,40,487,208,0,0,-10202365
41,1,41,488,208,0.129,0.064,-10071289
42,1,42,488,208,0,0,-10529788
43,1,43,488,208,0,0,-10202618
44,1,44,488,208,0,0,-9741816
45,1,45,488,208,0,0,-9349366
46,1,46,488,208,0,0,-9743095
47,1,47,488,208,0,0,-9480435
48,1,48,489,208,0.129,0.064,-9414640
49,1,49,490,208,0.129,0.064,-9873402
50,1,50,490,208,0,0,-10462714
51,1,51,490,208,0,0,-9544946
52,1,52,492,208,0.258,0.129,-9808117
53,1,53,493,208,0.129,0.064,-10005497
54,1,54,494,208,0.129,0.064,-10007547
55,1,55,494,208,0,0,-10924797
56,1,56,494,208,0,0,-10202618
57,1,57,495,208,0.129,0.064,-10729212
58,1,58,495,208,0,0,-10926588
59,1,59,495,208,0,0,-12041984
60,1,60,495,208,0,0,-10728699
61,1,61,496,208,0.129,0.064,-10662906
62,1,62,496,208,0,0,-10727931
63,1,63,493,209,-0.408,-0.204,-10005499
64,1,64,492,209,-0.129,-0.064,-9546743
65,1,65,492,209,0,0,-9677814
66,1,66,492,209,0,0,-9677301
67,1,67,494,209,0.258,0.129,-10004986
68,1,68,494,209,0,0,-9939706
69,1,69,494,209,0,0,-10136313
70,1,70,495,209,0.129,0.064,-9808118
71,1,71,495,209,0,0,-9675508
72,1,72,497,204,0.695,0.347,-9938933
73,1,73,497,204,0,0,-9414391
74,1,74,497,204,0,0,-9742327
75,1,75,497,204,0,0,-10136059
76,1,76,497,204,0,0,-10529020
77,1,77,497,203,0.129,0.064,-9544948
78,1,78,497,202,0.129,0.064,-9348083
79,1,79,497,202,0,0,-9871860
80,1,80,497,202,0,0,-9609717
81,1,81,497,202,0,0,-9150706
82,1,82,497,202,0,0,-9544183
83,1,83,497,202,0,0,-9478901
84,1,84,495,202,0.258,0.129,-9348083
85,1,85,495,202,0,0,-9674738
86,1,86,495,201,-0.129,-0.064,-9149425
87,1,87,495,201,0,0,-9543922
88,1,88,495,201,0,0,-9675762
89,1,89,495,201,0,0,-9282803
90,1,90,495,200,-0.129,-0.064,-9151985
91,1,91,495,200,0,0,-9543924
92,1,92,495,200,0,0,-10331641
93,1,93,497,200,-0.258,-0.129,-9807094
94,1,94,497,200,0,0,-10202106
95,1,95,497,200,0,0,-10201854
96,1,96,495,203,0.465,0.233,-9478642
97,1,97,495,203,0,0,-9479669
98,1,98,495,203,0,0,-10069750
99,1,99,495,204,0.129,0.064,-9741301
100,1,100,495,204,0,0,-9610226
101,1,101,495,204,0,0,-9610228
102,1,102,495,204,0,0,-9479155
103,1,103,495,204,0,0,-9347569
104,1,104,493,206,0.365,0.182,-8890608
105,1,105,493,206,0,0,-9284083
106,1,106,493,205,0.129,0.064,-10397436
107,1,107,497,204,0.532,0.266,-9348083
108,1,108,497,204,0,0,-9020401
109,1,109,497,203,0.129,0.064,-9938684
110,1,110,496,203,0.129,0.064,-9348083
111,1,111,496,203,0,0,-9413876
112,1,112,496,203,0,0,-9084911
113,1,113,496,203,0,0,-9019372
114,1,114,496,203,0,0,-9545462
115,1,115,496,203,0,0,-9282290
116,1,116,495,203,-0.129,-0.064,-9217010
117,1,117,495,203,0,0,-9150704
118,1,118,495,203,0,0,-9544946
119,1,119,495,203,0,0,-9873913
120,1,120,495,205,0.258,0.129,-9874427
121,1,121,495,205,0,0,-10202363
122,1,122,495,205,0,0,-9283571
123,1,123,494,206,0.182,0.091,-9678329
124,1,124,494,206,0,0,-10138365
125,1,125,496,206,0.258,0.129,-10596093
126,1,126,496,206,0,0,-10202878
127,1,127,496,206,0,0,-10333692
128,1,128,496,206,0,0,-10465277
129,1,129,497,206,0.129,0.064,-10465535
130,1,130,498,205,0.182,0.091,-9676021
131,1,131,498,205,0,0,-9742325
132,1,132,498,205,0,0,-9939706
133,1,133,497,205,-0.129,-0.064,-10135289
134,1,134,497,205,0,0,-9478901
135,1,135,498,205,-0.129,-0.064,-9150704
136,1,136,498,205,0,0,-9676534
137,1,137,499,205,-0.129,-0.064,-10397436
138,1,138,499,205,0,0,-9676023
139,1,139,500,204,-0.182,-0.091,-9348085
140,1,140,501,202,-0.288,-0.144,-9215983
141,1,141,500,202,0.129,0.064,-9217012
142,1,142,500,202,0,0,-9477361
143,1,143,500,201,-0.129,-0.064,-9215729
144,1,144,501,199,-0.288,-0.144,-9020399
145,1,145,501,199,0,0,-9281265
146,1,146,499,198,-0.288,-0.144,-9676021
147,1,147,498,198,-0.129,-0.064,-9743095
148,1,148,498,198,0,0,-9609715
149,1,149,498,198,0,0,-10200825
150,1,150,498,198,0,0,-9281526
151,1,151,498,198,0,0,-9281522
152,1,152,498,198,0,0,-9478644
153,1,153,498,198,0,0,-9544948
154,1,154,498,198,0,0,-9805815
155,1,155,498,197,0.129,0.064,-9020147
156,1,156,500,197,0.258,0.129,-9544948
157,1,157,500,197,0,0,-9478642
158,1,158,500,197,0,0,-9610230
159,1,159,500,197,0,0,-9609717
160,1,160,500,197,0,0,-9019633
161,1,161,500,196,0.129,0.064,-8691184
162,1,162,500,196,0,0,-9215731
163,1,163,500,195,0.129,0.064,-9084915
164,1,164,500,195,0,0,-9608949
165,1,165,500,194,0.129,0.064,-9148914
166,1,166,500,194,0,0,-9215729
167,1,167,500,194,0,0,-9084915
168,1,168,500,193,0.129,0.064,-8493037
169,1,169,500,193,0,0,-8887536
170,1,170,497,193,0.387,0.194,-9936631
171,1,171,497,193,0,0,-10069496
172,1,172,496,192,-0.182,-0.091,-10200825
173,1,173,496,191,-0.129,-0.064,-9677302
174,1,174,499,190,-0.408,-0.204,-9478644
175,1,175,498,190,0.129,0.064,-9545975
176,1,176,497,191,0.182,0.091,-9544183
177,1,177,497,191,0,0,-10004475
178,1,178,496,191,-0.129,-0.064,-8756977
179,1,179,496,191,0,0,-9742325
180,1,180,496,191,0,0,-9414389
181,1,181,495,189,-0.288,-0.144,-9150704
182,1,182,495,192,0.387,0.194,-9939195
183,1,183,496,185,-0.912,-0.456,-11844862
184,1,184,495,189,0.532,0.266,-9544946
185,1,185,495,190,0.129,0.064,-10465278
186,1,186,495,190,0,0,-9676021
187,1,187,494,190,0.129,0.064,-9215472
188,1,188,494,191,0.129,0.064,-9611766
189,1,189,494,191,0,0,-9610228
190,1,190,493,191,0.129,0.064,-9412849
191,1,191,492,191,0.129,0.064,-9478390
192,1,192,493,191,-0.129,-0.064,-9873400
193,1,193,492,191,0.129,0.064,-9084913
194,1,194,491,192,0.182,0.091,-8625904
195,1,195,491,192,0,0,-9348337
196,1,196,489,194,-0.365,-0.182,-9479923
197,1,197,488,194,-0.129,-0.064,-10068985
198,1,198,488,194,0,0,-9872119
199,1,199,488,195,0.129,0.064,-9478642
200,1,200,487,195,0.129,0.064,-9086191
201,1,201,488,196,-0.182,-0.091,-9611255
202,1,202,488,196,0,0,-9611509
203,1,203,488,196,0,0,-9544948
204,1,204,489,196,-0.129,-0.064,-10202876
205,1,205,489,196,0,0,-10202365
206,1,206,489,197,-0.129,-0.064,-9612019
207,1,207,487,197,-0.258,-0.129,-9743352
208,1,208,487,197,0,0,-9348596
209,1,209,487,197,0,0,-9807866
210,1,210,487,197,0,0,-9611255
211,1,211,487,197,0,0,-9544948
212,1,212,487,197,0,0,-9544694
213,1,213,487,198,0.129,0.064,-9282544
214,1,214,488,198,0.129,0.064,-9545977
215,1,215,489,198,0.129,0.064,-10467069
216,1,216,489,198,0,0,-10006266
217,1,217,487,199,-0.288,-0.144,-10004475
218,1,218,487,199,0,0,-10529788
219,1,219,486,199,0.129,0.064,-10201086
220,1,220,486,199,0,0,-10267645
221,1,221,488,198,0.288,0.144,-9613302
222,1,222,487,198,-0.129,-0.064,-9218290
223,1,223,487,198,0,0,-9479153
224,1,224,487,198,0,0,-10202616
225,1,225,486,198,-0.129,-0.064,-10400256
226,1,226,486,199,-0.129,-0.064,-10138365
227,1,227,486,199,0,0,-10401536
228,1,228,486,199,0,0,-9942014
229,1,229,486,199,0,0,-10137853
230,1,230,486,199,0,0,-10203646
231,1,231,484,199,-0.258,-0.129,-10467072
232,1,232,485,199,0.129,0.064,-9942267
233,1,233,485,199,0,0,-10202618
234,1,234,485,199,0,0,-10467326
235,1,235,485,199,0,0,-9809145
236,1,236,485,199,0,0,-10137852
237,1,237,484,199,-0.129,-0.064,-9744122
238,1,238,484,199,0,0,-10401274
239,1,239,486,199,-0.258,-0.129,-10861056
240,1,240,486,199,0,0,-10202363
241,1,241,486,199,0,0,-10467069
242,1,242,486,199,0,0,-10662656
243,1,243,486,199,0,0,-9873913
244,1,244,486,199,0,0,-10202624
245,1,245,486,199,0,0,-10072060
246,1,246,486,199,0,0,-9678329
247,1,247,486,199,0,0,-10006267
248,1,248,487,199,-0.129,-0.064,-10729212
249,1,249,487,199,0,0,-11055104
250,1,250,487,199,0,0,-9284596
251,1,251,487,199,0,0,-10203646
252,1,252,488,199,-0.129,-0.064,-10730752
253,1,253,488,199,0,0,-10665472
254,1,254,488,199,0,0,-10072570
255,1,255,489,199,-0.129,-0.064,-10533119
256,1,256,489,199,0,0,-10269949
257,1,257,489,199,0,0,-10794752
258,1,258,489,199,0,0,-10664448
259,1,259,490,199,-0.129,-0.064,-10469120
260,1,260,490,199,0,0,-10401533
261,1,261,490,199,0,0,-10005499
262,1,262,490,199,0,0,-10332668
263,1,263,491,199,-0.129,-0.064,-9480180
264,1,264,492,199,-0.129,-0.064,-9677561
265,1,265,492,199,0,0,-10005497
266,1,266,493,199,-0.129,-0.064,-9284337
267,1,267,493,199,0,0,-9744121
268,1,268,494,199,-0.129,-0.064,-9940220
269,1,269,494,199,0,0,-9875961
270,1,270,494,199,0,0,-9545462
271,1,271,495,199,-0.129,-0.064,-10136312
272,1,272,495,199,0,0,-10136570
273,1,273,495,199,0,0,-10267899
274,1,274,496,200,-0.182,-0.091,-10401276
275,1,275,496,200,0,0,-10796031
276,1,276,496,200,0,0,-10532094
277,1,277,497,200,-0.129,-0.064,-10139129
278,1,278,499,200,-0.258,-0.129,-10400506
279,1,279,499,200,0,0,-10596861
280,1,280,499,200,0,0,-10598655
281,1,281,493,198,0.816,0.408,-10202363
282,1,282,497,199,-0.532,-0.266,-9610741
283,1,283,497,199,0,0,-10202876
284,1,284,498,199,-0.129,-0.064,-10003703
285,1,285,498,199,0,0,-10333438
286,1,286,497,199,0.129,0.064,-9743094
287,1,287,497,199,0,0,-10201852
288,1,288,498,196,0.408,0.204,-9544183
289,1,289,500,194,0.365,0.182,-8887534
290,1,290,500,194,0,0,-9346547
291,1,291,500,192,0.258,0.129,-8163562
292,1,292,500,192,0,0,-8490985
293,1,293,496,192,0.516,0.258,-9347058
294,1,294,496,192,0,0,-9544948
295,1,295,498,192,0.258,0.129,-9608949
296,1,296,498,192,0,0,-9084915
297,1,297,498,192,0,0,-9281524
298,1,298,498,191,0.129,0.064,-9413108
299,1,299,497,190,0.182,0.091,-9544437
300,1,300,497,190,0,0,-9676019
301,1,301,497,190,0,0,-9347315
302,1,302,498,190,-0.129,-0.064,-9674227
303,1,303,497,192,0.288,0.144,-10003194
304,1,304,496,192,0.129,0.064,-9281011
305,1,305,496,192,0,0,-10134778
306,1,306,497,192,0.129,0.064,-9413878
307,1,307,497,190,0.258,0.129,-9675508
308,1,308,497,190,0,0,-9741301
309,1,309,495,190,0.258,0.129,-9215729
310,1,310,495,191,0.129,0.064,-9151985
311,1,311,495,192,0.129,0.064,-9611255
312,1,312,495,192,0,0,-9413876
313,1,313,495,192,0,0,-10004473
314,1,314,495,192,0,0,-9939195
315,1,315,495,192,0,0,-9742325
316,1,316,495,192,0,0,-9939191
317,1,317,497,192,0.258,0.129,-10398463
318,1,318,497,192,0,0,-10136061
319,1,319,497,192,0,0,-9610230
320,1,320,495,192,-0.258,-0.129,-10201852
321,1,321,495,192,0,0,-10464508
322,1,322,495,192,0,0,-9873911
323,1,323,495,192,0,0,-9873400
324,1,324,494,192,0.129,0.064,-10135032
325,1,325,494,192,0,0,-9872891
326,1,326,493,193,-0.182,-0.091,-9872887
327,1,327,493,193,0,0,-9675512
328,1,328,492,193,0.129,0.064,-9478129
329,1,329,491,193,0.129,0.064,-8888561
330,1,330,491,193,0,0,-10005499
331,1,331,491,193,0,0,-10004473
332,1,332,491,193,0,0,-9348594
333,1,333,490,195,-0.288,-0.144,-10006013
334,1,334,490,195,0,0,-9939704
335,1,335,490,195,0,0,-9610739
336,1,336,490,196,-0.129,-0.064,-9744121
337,1,337,488,198,-0.365,-0.182,-12045568
338,1,338,488,198,0,0,-11716096
339,1,339,488,198,0,0,-11519488
340,1,340,488,198,0,0,-11584768
341,1,341,488,198,0,0,-11389184
342,1,342,491,198,0.387,0.194,-10863870
343,1,343,491,198,0,0,-10927099
344,1,344,490,198,-0.129,-0.064,-10863616
345,1,345,490,198,0,0,-11322879
346,1,346,488,198,0.258,0.129,-11452672
347,1,347,487,198,0.129,0.064,-11651584
348,1,348,487,198,0,0,-11517950
349,1,349,487,198,0,0,-11846400
350,1,350,487,198,0,0,-10796535
351,1,351,487,198,0,0,-12437504
352,1,352,489,195,-0.465,-0.233,-9547255
353,1,353,489,195,0,0,-9677814
354,1,354,489,195,0,0,-10268156
355,1,355,489,195,0,0,-10137085
356,1,356,490,195,-0.129,-0.064,-10202365
357,1,357,490,196,-0.129,-0.064,-10467326
358,1,358,488,196,-0.258,-0.129,-11058687
359,1,359,488,196,0,0,-10469887
360,1,360,488,196,0,0,-10599680
361,1,361,487,197,-0.182,-0.091,-10731003
362,1,362,487,197,0,0,-11255807
363,1,363,487,197,0,0,-10335481
364,1,364,487,197,0,0,-11780607
365,1,365,488,197,-0.129,-0.064,-10468094
366,1,366,490,196,-0.288,-0.144,-10404094
367,1,367,490,196,0,0,-10795517
368,1,368,491,196,-0.129,-0.064,-10203897
369,1,369,491,196,0,0,-9350389
370,1,370,492,196,-0.129,-0.064,-10597374
371,1,371,492,196,0,0,-10794240
372,1,372,492,196,0,0,-10138879
373,1,373,492,196,0,0,-10072572
374,1,374,492,196,0,0,-10136313
375,1,375,493,196,-0.129,-0.064,-9546996
376,1,376,493,196,0,0,-9481203
377,1,377,495,197,-0.288,-0.144,-9939706
378,1,378,496,197,-0.129,-0.064,-10204672
379,1,379,497,197,-0.129,-0.064,-10399485
380,1,380,498,197,-0.129,-0.064,-9677048
381,1,381,498,197,0,0,-9544435
382,1,382,498,197,0,0,-9807866
383,1,383,498,198,-0.129,-0.064,-10729471
384,1,384,498,198,0,0,-10533887
385,1,385,498,198,0,0,-10532608
386,1,386,498,198,0,0,-11189248
387,1,387,498,198,0,0,-10335231
388,1,388,500,199,-0.288,-0.144,-10466815
389,1,389,501,200,-0.182,-0.091,-11584768
390,1,390,500,200,0.129,0.064,-11321600
391,1,391,498,200,0.258,0.129,-11844862
392,1,392,497,198,0.288,0.144,-10794751
393,1,393,497,197,0.129,0.064,-10006267
394,1,394,499,195,0.365,0.182,-9348596
395,1,395,501,195,0.258,0.129,-9215220
396,1,396,501,195,0,0,-9018352
397,1,397,502,195,0.129,0.064,-8953840
398,1,398,503,195,0.129,0.064,-9544948
399,1,399,503,195,0,0,-9283573
400,1,400,504,194,0.182,0.091,-10267898
401,1,401,504,194,0,0,-10004727
402,1,402,500,194,-0.516,-0.258,-9019631
403,1,403,500,194,0,0,-9545462
404,1,404,500,194,0,0,-9544437
405,1,405,502,191,0.465,0.233,-7833829
406,1,406,503,191,0.129,0.064,-8360939
407,1,407,503,191,0,0,-8295656
408,1,408,503,190,0.129,0.064,-8820209
409,1,409,503,190,0,0,-8490985
410,1,410,503,189,0.129,0.064,-8557548
411,1,411,502,189,0.129,0.064,-8952559
412,1,412,502,189,0,0,-9019120
413,1,413,502,189,0,0,-8952561
414,1,414,501,189,0.129,0.064,-9740020
415,1,415,501,189,0,0,-9085424
416,1,416,501,189,0,0,-9215729
417,1,417,501,188,0.129,0.064,-9543924
418,1,418,501,188,0,0,-10134264
419,1,419,500,188,0.129,0.064,-9807609
420,1,420,500,188,0,0,-9478642
421,1,421,500,189,-0.129,-0.064,-9479155
422,1,422,500,191,-0.258,-0.129,-9215731
423,1,423,499,192,-0.182,-0.091,-9284597
424,1,424,499,192,0,0,-9347315
425,1,425,498,192,0.129,0.064,-10203645
426,1,426,500,192,-0.258,-0.129,-8756975
427,1,427,500,192,0,0,-8954608
428,1,428,500,192,0,0,-9149936
429,1,429,500,192,0,0,-9479155
430,1,430,501,188,-0.532,-0.266,-10266879
431,1,431,498,188,0.387,0.194,-10003192
432,1,432,498,189,0.129,0.064,-10003957
433,1,433,498,189,0,0,-10266618
434,1,434,498,189,0,0,-9676534
435,1,435,498,191,0.258,0.129,-9545975
436,1,436,499,191,0.129,0.064,-9741814
437,1,437,501,191,0.258,0.129,-9412851
438,1,438,499,191,-0.258,-0.129,-9939195
439,1,439,498,191,-0.129,-0.064,-9150708
440,1,440,498,191,0,0,-9544437
441,1,441,498,191,0,0,-9414130
442,1,442,497,191,-0.129,-0.064,-9808634
443,1,443,497,192,-0.129,-0.064,-9807605
444,1,444,494,192,-0.387,-0.194,-10134778
445,1,445,493,192,-0.129,-0.064,-9544948
446,1,446,493,192,0,0,-9217778
447,1,447,493,192,0,0,-9675762
448,1,448,491,190,-0.365,-0.182,-8691436
449,1,449,491,190,0,0,-8888815
450,1,450,491,190,0,0,-9478644
451,1,451,491,190,0,0,-9215729
452,1,452,491,190,0,0,-9085422
453,1,453,492,190,0.129,0.064,-9478901
454,1,454,492,192,0.258,0.129,-9282290
455,1,455,492,192,0,0,-9281774
456,1,456,492,192,0,0,-10136570
457,1,457,492,192,0,0,-10004984
458,1,458,490,191,-0.288,-0.144,-9020399
459,1,459,489,191,-0.129,-0.064,-9281774
460,1,460,489,191,0,0,-9085424
461,1,461,493,191,-0.516,-0.258,-10595834
462,1,462,494,191,-0.129,-0.064,-10728699
463,1,463,490,191,0.516,0.258,-8756975
464,1,464,490,191,0,0,-9348596
465,1,465,489,191,-0.129,-0.064,-9412849
466,1,466,486,191,-0.387,-0.194,-9610226
467,1,467,488,191,0.258,0.129,-9413108
468,1,468,490,191,0.258,0.129,-9086192
469,1,469,491,192,0.182,0.091,-10202616
470,1,470,491,192,0,0,-9350387
471,1,471,491,193,0.129,0.064,-9415669
472,1,472,490,193,0.129,0.064,-9677563
473,1,473,488,192,0.288,0.144,-9939452
474,1,474,488,192,0,0,-10136572
475,1,475,488,192,0,0,-10136572
476,1,476,488,192,0,0,-9546742
477,1,477,488,192,0,0,-10400254
478,1,478,488,192,0,0,-9413362
479,1,479,488,192,0,0,-9743095
480,1,480,488,192,0,0,-10532862
481,1,481,491,193,0.408,0.204,-10136313
482,1,482,491,193,0,0,-9743607
483,1,483,491,193,0,0,-9808120
484,1,484,490,193,-0.129,-0.064,-10137853
485,1,485,489,193,-0.129,-0.064,-9348594
486,1,486,491,193,0.258,0.129,-8955631
487,1,487,491,193,0,0,-9610741
488,1,488,490,193,-0.129,-0.064,-9874940
489,1,489,491,193,0.129,0.064,-9940733
490,1,490,491,193,0,0,-9414129
491,1,491,494,193,0.387,0.194,-10071289
492,1,492,494,193,0,0,-9940473
493,1,493,495,194,0.182,0.091,-11451392
494,1,494,495,194,0,0,-10862335
495,1,495,495,194,0,0,-11255805
496,1,496,495,194,0,0,-10270715
497,1,497,494,194,-0.129,-0.064,-10401533
498,1,498,494,194,0,0,-10730751
499,1,499,494,194,0,0,-10730752
500,1,500,495,194,0.129,0.064,-10992383
501,1,501,495,194,0,0,-10926591
502,1,502,495,194,0,0,-10139129
503,1,503,495,194,0,0,-10795517
504,1,504,495,194,0,0,-10467580
505,1,505,495,194,0,0,-10336763
506,1,506,495,194,0,0,-10860795
507,1,507,495,194,0,0,-9810679
508,1,508,495,194,0,0,-10664956
509,1,509,496,194,0.129,0.064,-10861824
510,1,510,496,192,0.258,0.129,-9938680
511,1,511,496,192,0,0,-10531070
512,1,512,496,192,0,0,-10465277
513,1,513,498,192,0.258,0.129,-10071292
514,1,514,498,192,0,0,-9677301
515,1,515,498,192,0,0,-9937912
516,1,516,498,192,0,0,-9610230
517,1,517,498,192,0,0,-10331643
518,1,518,498,192,0,0,-9413876
519,1,519,498,192,0,0,-9938680
520,1,520,499,192,0.129,0.064,-9413876
521,1,521,500,192,0.129,0.064,-9544437
522,1,522,500,194,0.258,0.129,-9808887
523,1,523,500,195,0.129,0.064,-10333949
524,1,524,501,195,0.129,0.064,-9611509
525,1,525,502,195,0.129,0.064,-9743094
526,1,526,502,195,0,0,-9480180
527,1,527,502,195,0,0,-9939706
528,1,528,503,195,0.129,0.064,-10136570
529,1,529,503,195,0,0,-10006264
530,1,530,503,194,0.129,0.064,-9874427
531,1,531,503,194,0,0,-10333692
532,1,532,504,193,0.182,0.091,-9284084
533,1,533,504,193,0,0,-9677048
534,1,534,504,193,0,0,-9086194
535,1,535,504,193,0,0,-8691697
536,1,536,504,192,0.129,0.064,-8559857
537,1,537,503,192,0.129,0.064,-9149938
538,1,538,503,192,0,0,-8888047
539,1,539,505,191,0.288,0.144,-9216501
540,1,540,507,190,0.288,0.144,-9873913
541,1,541,507,190,0,0,-10266875
542,1,542,507,190,0,0,-10070779
543,1,543,505,189,-0.288,-0.144,-9150706
544,1,544,505,188,-0.129,-0.064,-9150706
545,1,545,505,188,0,0,-9676021
546,1,546,504,187,-0.182,-0.091,-9084913
547,1,547,504,187,0,0,-8820975
548,1,548,504,187,0,0,-8886766
549,1,549,504,187,0,0,-8624621
550,1,550,504,187,0,0,-9607666
551,1,551,505,187,0.129,0.064,-8690668
552,1,552,505,187,0,0,-8822254
553,1,553,505,186,0.129,0.064,-9281011
554,1,554,505,186,0,0,-8691697
555,1,555,505,186,0,0,-8558830
556,1,556,507,185,0.288,0.144,-9282803
557,1,557,507,185,0,0,-9871860
558,1,558,508,183,0.288,0.144,-9412340
559,1,559,508,182,0.129,0.064,-10003703
560,1,560,507,180,0.288,0.144,-9085424
561,1,561,507,180,0,0,-9018604
562,1,562,507,178,-0.258,-0.129,-9741812
563,1,563,508,177,-0.182,-0.091,-10923005
564,1,564,508,177,0,0,-10266618
565,1,565,508,177,0,0,-10004473
566,1,566,506,176,0.288,0.144,-9674740
567,1,567,506,176,0,0,-10068469
568,1,568,506,176,0,0,-9609969
569,1,569,506,176,0,0,-9085165
570,1,570,506,176,0,0,-9150704
571,1,571,506,176,0,0,-9412336
572,1,572,505,175,-0.182,-0.091,-9150708
573,1,573,505,175,0,0,-9741554
574,1,574,505,175,0,0,-8822768
575,1,575,505,175,0,0,-9281522
576,1,576,504,174,0.182,0.091,-9281522
577,1,577,504,172,0.258,0.129,-9477359
578,1,578,501,172,0.387,0.194,-9085422
579,1,579,501,172,0,0,-9806067
580,1,580,501,172,0,0,-8755948
581,1,581,501,172,0,0,-9543924
582,1,582,501,172,0,0,-9674229
583,1,583,501,172,0,0,-9282292
584,1,584,501,172,0,0,-9610230
585,1,585,500,172,0.129,0.064,-9610228
586,1,586,497,171,0.408,0.204,-9610226
587,1,587,495,171,0.258,0.129,-9674481
588,1,588,494,170,0.182,0.091,-9937912
589,1,589,494,170,0,0,-9873141
590,1,590,494,170,0,0,-9478644
591,1,591,493,170,0.129,0.064,-10266618
592,1,592,491,170,0.258,0.129,-10464761
593,1,593,491,170,0,0,-9282290
594,1,594,491,170,0,0,-9348596
595,1,595,491,170,0,0,-9348337
596,1,596,493,170,0.258,0.129,-9740533
597,1,597,493,170,0,0,-9544437
598,1,598,493,170,0,0,-9281524
599,1,599,493,170,0,0,-9019633
600,1,600,493,170,0,0,-10331641
601,1,601,491,172,-0.365,-0.182,-9873400
602,1,602,491,172,0,0,-9874681
603,1,603,491,172,0,0,-9873913
604,1,604,490,172,-0.129,-0.064,-9544433
605,1,605,488,174,-0.365,-0.182,-10465788
606,1,606,488,174,0,0,-9874427
607,1,607,488,174,0,0,-9741301
608,1,608,488,175,-0.129,-0.064,-9479669
609,1,609,487,176,-0.182,-0.091,-10006013
610,1,610,486,176,-0.129,-0.064,-9808888
611,1,611,486,176,0,0,-10331128
612,1,612,486,176,0,0,-9675510
613,1,613,486,178,-0.258,-0.129,-10466047
614,1,614,484,180,-0.365,-0.182,-11322624
615,1,615,484,181,-0.129,-0.064,-10404096
616,1,616,483,181,-0.129,-0.064,-9482741
617,1,617,483,181,0,0,-10204408
618,1,618,483,179,0.258,0.129,-9479155
619,1,619,483,178,0.129,0.064,-9413878
620,1,620,483,178,0,0,-9545973
621,1,621,483,178,0,0,-9019122
622,1,622,483,178,0,0,-9217012
623,1,623,481,178,0.258,0.129,-8558317
624,1,624,480,179,0.182,0.091,-8754670
625,1,625,480,179,0,0,-8427244
626,1,626,477,180,-0.408,-0.204,-9148398
627,1,627,476,181,-0.182,-0.091,-9607668
628,1,628,476,181,0,0,-9412597
629,1,629,475,181,0.129,0.064,-9544437
630,1,630,474,181,0.129,0.064,-9873141
631,1,631,474,181,0,0,-10071290
632,1,632,474,181,0,0,-9543924
633,1,633,473,183,0.288,0.144,-9544435
634,1,634,472,183,0.129,0.064,-10532608
635,1,635,472,183,0,0,-11056383
636,1,636,472,183,0,0,-11516928
637,1,637,472,183,0,0,-11320320
638,1,638,472,183,0,0,-11320064
639,1,639,473,184,-0.182,-0.091,-11319808
640,1,640,473,184,0,0,-10400254
641,1,641,473,184,0,0,-10665210
642,1,642,473,184,0,0,-11057664
643,1,643,475,184,-0.258,-0.129,-9611766
644,1,644,476,184,-0.129,-0.064,-9348594
645,1,645,476,185,-0.129,-0.064,-9676023
646,1,646,478,186,-0.288,-0.144,-9677302
647,1,647,479,186,-0.129,-0.064,-9743607
648,1,648,483,187,-0.532,-0.266,-11451904
649,1,649,484,187,-0.129,-0.064,-11453182
650,1,650,484,187,0,0,-11516156
651,1,651,484,187,0,0,-10663929
652,1,652,486,187,-0.258,-0.129,-12635648
653,1,653,486,187,0,0,-12111360
654,1,654,486,187,0,0,-12504832
655,1,655,486,187,0,0,-12373504
656,1,656,473,181,1.847,0.923,-10990592
657,1,657,473,182,-0.129,-0.064,-10399231
658,1,658,476,183,-0.408,-0.204,-9676023
659,1,659,476,183,0,0,-9217012
660,1,660,476,183,0,0,-9676021
661,1,661,476,183,0,0,-9413108
662,1,662,476,183,0,0,-9544183
663,1,663,476,183,0,0,-10003705
664,1,664,476,184,-0.129,-0.064,-9282292
665,1,665,476,184,0,0,-9217012
666,1,666,477,184,-0.129,-0.064,-8690664
667,1,667,477,184,0,0,-8296935
668,1,668,477,184,0,0,-8691433
669,1,669,476,184,0.129,0.064,-9546743
670,1,670,476,184,0,0,-9808888
671,1,671,477,184,0.129,0.064,-8755178
672,1,672,477,184,0,0,-8035048
673,1,673,477,184,0,0,-8297450
674,1,674,477,184,0,0,-8560620
675,1,675,476,184,-0.129,-0.064,-9544435
676,1,676,474,182,-0.365,-0.182,-10530301
677,1,677,474,182,0,0,-10268156
678,1,678,474,182,0,0,-10468096
679,1,679,476,182,0.258,0.129,-9478644
680,1,680,478,184,0.365,0.182,-8560111
681,1,681,478,184,0,0,-8822768
682,1,682,479,184,0.129,0.064,-8427242
683,1,683,480,185,0.182,0.091,-8953327
684,1,684,480,185,0,0,-9413108
685,1,685,480,185,0,0,-8953327
686,1,686,480,185,0,0,-9939452
687,1,687,478,185,-0.258,-0.129,-8887536
688,1,688,478,185,0,0,-8757486
689,1,689,480,185,-0.258,-0.129,-8756975
690,1,690,480,185,0,0,-9217008
691,1,691,480,185,0,0,-9151987
692,1,692,480,185,0,0,-8888563
693,1,693,480,185,0,0,-9151219
694,1,694,480,185,0,0,-9152757
695,1,695,480,185,0,0,-8626415
696,1,696,480,185,0,0,-9085426
697,1,697,480,185,0,0,-8887793
698,1,698,480,185,0,0,-8953838
699,1,699,479,185,0.129,0.064,-8560622
700,1,700,479,185,0,0,-9413878
701,1,701,479,185,0,0,-8693486
702,1,702,481,185,-0.258,-0.129,-9348594
703,1,703,481,185,0,0,-9217778
704,1,704,482,185,-0.129,-0.064,-9611766
705,1,705,482,185,0,0,-9808887
706,1,706,484,184,-0.288,-0.144,-10403326
707,1,707,484,184,0,0,-10796032
708,1,708,482,184,0.258,0.129,-10139133
709,1,709,481,184,0.129,0.064,-9940986
710,1,710,481,185,0.129,0.064,-9348594
711,1,711,481,185,0,0,-9218290
712,1,712,481,185,0,0,-9677048
713,1,713,481,185,0,0,-9479923
714,1,714,481,185,0,0,-9348594
715,1,715,482,185,0.129,0.064,-9479669
716,1,716,482,185,0,0,-9809145
717,1,717,482,185,0,0,-9151733
718,1,718,482,185,0,0,-10070779
719,1,719,480,185,-0.258,-0.129,-9412851
720,1,720,480,185,0,0,-9021941
721,1,721,480,185,0,0,-9282803
722,1,722,480,185,0,0,-9545716
723,1,723,480,185,0,0,-9612021
724,1,724,480,185,0,0,-9348594
725,1,725,480,185,0,0,-9678329
726,1,726,480,185,0,0,-9151987
727,1,727,480,185,0,0,-10137083
728,1,728,480,185,0,0,-9151985
729,1,729,480,185,0,0,-9546742
730,1,730,481,185,0.129,0.064,-9348847
731,1,731,481,185,0,0,-9348849
732,1,732,482,185,0.129,0.064,-9544437
733,1,733,483,185,0.129,0.064,-9415669
734,1,734,483,185,0,0,-9939703
735,1,735,484,186,0.182,0.091,-10991870
736,1,736,484,186,0,0,-10335742
737,1,737,484,186,0,0,-10796285
738,1,738,484,186,0,0,-10598655
739,1,739,484,186,0,0,-10861824
740,1,740,484,186,0,0,-10926336
741,1,741,484,186,0,0,-10992640
742,1,742,484,186,0,0,-10401022
743,1,743,484,186,0,0,-10466301
744,1,744,484,186,0,0,-10467069
745,1,745,484,186,0,0,-10337021
746,1,746,484,186,0,0,-10797823
747,1,747,484,186,0,0,-10927616
748,1,748,484,186,0,0,-10664446
749,1,749,484,186,0,0,-10272510
750,1,750,484,186,0,0,-10535166
751,1,751,484,186,0,0,-11517696
752,1,752,484,186,0,0,-10863104
753,1,753,486,186,0.258,0.129,-10009085
754,1,754,486,186,0,0,-11123968
755,1,755,486,186,0,0,-10335229
756,1,756,486,186,0,0,-10007293
757,1,757,488,186,0.258,0.129,-10666239
758,1,758,488,186,0,0,-10534142
759,1,759,488,186,0,0,-10796542
760,1,760,488,186,0,0,-10008311
761,1,761,488,186,0,0,-10730239
762,1,762,488,186,0,0,-10400506
763,1,763,488,186,0,0,-10468094
764,1,764,488,186,0,0,-10139642
765,1,765,487,186,-0.129,-0.064,-10269690
766,1,766,486,186,-0.129,-0.064,-10205437
767,1,767,484,186,-0.258,-0.129,-11058688
768,1,768,484,186,0,0,-11451903
769,1,769,484,186,0,0,-10992640
770,1,770,484,185,-0.129,-0.064,-10466047
771,1,771,484,185,0,0,-9809145
772,1,772,487,185,-0.387,-0.194,-9480949
773,1,773,487,185,0,0,-9480180
774,1,774,487,185,0,0,-10006524
775,1,775,487,185,0,0,-10266618
776,1,776,487,185,0,0,-10532092
777,1,777,487,185,0,0,-10137083
778,1,778,487,184,-0.129,-0.064,-10463227
779,1,779,486,184,-0.129,-0.064,-10203903
780,1,780,485,185,-0.182,-0.091,-9940986
781,1,781,484,187,-0.288,-0.144,-10797566
782,1,782,484,187,0,0,-12044032
783,1,783,484,187,0,0,-11125248
784,1,784,486,187,0.258,0.129,-10926848
785,1,785,487,187,0.129,0.064,-10008056
786,1,786,487,187,0,0,-10138615
787,1,787,490,185,0.465,0.233,-9676534
788,1,788,490,185,0,0,-9479920
789,1,789,490,185,0,0,-9876731
790,1,790,490,185,0,0,-10333692
791,1,791,490,185,0,0,-10136823
792,1,792,490,185,0,0,-9677559
793,1,793,491,185,0.129,0.064,-9611766
794,1,794,491,185,0,0,-9283571
795,1,795,491,185,0,0,-9086958
796,1,796,492,185,0.129,0.064,-10401276
797,1,797,492,185,0,0,-10202106
798,1,798,492,185,0,0,-10136570
799,1,799,492,185,0,0,-10136825
800,1,800,492,187,0.258,0.129,-10533887
801,1,801,492,187,0,0,-10729212
802,1,802,492,187,0,0,-10795517
803,1,803,493,187,0.129,0.064,-10861055
804,1,804,491,187,-0.258,-0.129,-10992894
805,1,805,491,187,0,0,-10927103
806,1,806,491,187,0,0,-10991871
807,1,807,491,187,0,0,-10600446
808,1,808,491,187,0,0,-11057664
809,1,809,491,187,0,0,-10665726
810,1,810,491,187,0,0,-10926590
811,1,811,492,186,0.182,0.091,-10992383
812,1,812,492,186,0,0,-10860285
813,1,813,494,186,0.258,0.129,-9875957
814,1,814,494,186,0,0,-10270970
815,1,815,494,186,0,0,-10730751
816,1,816,493,186,-0.129,-0.064,-10468860
817,1,817,493,186,0,0,-10534140
818,1,818,493,186,0,0,-11650048
819,1,819,493,186,0,0,-10991870
820,1,820,492,186,0.129,0.064,-10859257
821,1,821,492,186,0,0,-10272508
822,1,822,492,186,0,0,-10796544
823,1,823,492,186,0,0,-10797312
824,1,824,492,186,0,0,-10992894
825,1,825,492,186,0,0,-10665728
826,1,826,492,186,0,0,-10796544
827,1,827,492,186,0,0,-10667518
828,1,828,492,186,0,0,-11058687
829,1,829,492,186,0,0,-10666239
830,1,830,492,186,0,0,-11189760
831,1,831,492,186,0,0,-10664958
832,1,832,492,186,0,0,-11321856
833,1,833,491,186,0.129,0.064,-10338812
834,1,834,491,186,0,0,-11322111
835,1,835,491,186,0,0,-11389184
836,1,836,491,186,0,0,-11912192
837,1,837,491,186,0,0,-10599417
838,1,838,491,186,0,0,-10469373
839,1,839,491,186,0,0,-11321856
840,1,840,491,186,0,0,-11256832
841,1,841,491,186,0,0,-11191040
842,1,842,491,186,0,0,-10534651
843,1,843,491,185,-0.129,-0.064,-10269436
844,1,844,491,185,0,0,-9743352
845,1,845,491,185,0,0,-9940474
846,1,846,491,185,0,0,-10662654
847,1,847,491,185,0,0,-10202363
848,1,848,491,185,0,0,-9480435
849,1,849,491,185,0,0,-9349363
850,1,850,491,185,0,0,-10006779
851,1,851,491,185,0,0,-10072060
852,1,852,491,185,0,0,-9546743
853,1,853,490,184,-0.182,-0.091,-9677048
854,1,854,490,182,-0.258,-0.129,-9018352
855,1,855,490,182,0,0,-9939191
856,1,856,488,184,0.365,0.182,-9940473
857,1,857,488,184,0,0,-10401022
858,1,858,490,184,0.258,0.129,-10008317
859,1,859,490,184,0,0,-9480435
860,1,860,491,184,0.129,0.064,-9086705
861,1,861,491,184,0,0,-9610741
862,1,862,491,184,0,0,-9809915
863,1,863,491,184,0,0,-9414129
864,1,864,491,184,0,0,-10136313
865,1,865,494,184,0.387,0.194,-9678842
866,1,866,496,182,0.365,0.182,-9217010
867,1,867,498,182,0.258,0.129,-10136572
868,1,868,498,182,0,0,-10004988
869,1,869,498,184,0.258,0.129,-10070777
870,1,870,498,184,0,0,-9677048
871,1,871,500,185,0.288,0.144,-10332670
872,1,872,502,185,0.258,0.129,-9611257
873,1,873,505,187,0.465,0.233,-9478644
874,1,874,508,187,0.387,0.194,-10728447
875,1,875,510,187,0.258,0.129,-10731003
876,1,876,511,187,0.129,0.064,-10729471
877,1,877,511,187,0,0,-9808887
878,1,878,511,187,0,0,-9677048
879,1,879,513,187,0.258,0.129,-10202363
880,1,880,513,187,0,0,-9743607
881,1,881,513,187,0,0,-9741303
882,1,882,513,189,0.258,0.129,-9348083
883,1,883,515,191,0.365,0.182,-9807094
884,1,884,515,191,0,0,-9283570
885,1,885,522,187,1.04,0.52,-10332921
886,1,886,523,185,0.288,0.144,-11909632
887,1,887,523,187,-0.258,-0.129,-9807607
888,1,888,525,189,-0.365,-0.182,-9281522
889,1,889,526,189,-0.129,-0.064,-8560109
890,1,890,529,189,-0.387,-0.194,-9414391
891,1,891,531,189,-0.258,-0.129,-9741301
892,1,892,531,189,0,0,-9413110
893,1,893,534,189,-0.387,-0.194,-9478133
894,1,894,535,191,-0.288,-0.144,-8953329
895,1,895,537,191,-0.258,-0.129,-9085424
896,1,896,539,191,-0.258,-0.129,-9544437
897,1,897,539,191,0,0,-9282292
898,1,898,541,191,-0.258,-0.129,-8624873
899,1,899,542,190,-0.182,-0.091,-8952559
900,1,900,544,190,-0.258,-0.129,-9149679
901,1,901,546,189,-0.288,-0.144,-9347569
902,1,902,546,189,0,0,-9673459
903,1,903,548,188,-0.288,-0.144,-9083121
904,1,904,551,187,-0.408,-0.204,-8952559
905,1,905,552,187,-0.129,-0.064,-8953075
906,1,906,556,187,-0.516,-0.258,-8625643
907,1,907,556,187,0,0,-8754927
908,1,908,560,187,-0.516,-0.258,-9347056
909,1,909,560,187,0,0,-9084913
910,1,910,563,186,-0.408,-0.204,-10069496
911,1,911,565,186,-0.258,-0.129,-12832256
912,1,912,569,186,-0.516,-0.258,-11776507
913,1,913,580,192,-1.616,-0.808,-8491755
914,1,914,582,192,-0.258,-0.129,-7967720
915,1,915,585,192,-0.387,-0.194,-9019122
916,1,916,585,192,0,0,-8557037
917,1,917,585,197,-0.645,-0.322,-8493035
918,1,918,587,195,0.365,0.182,-8752874
919,1,919,590,196,0.408,0.204,-9412338
920,1,920,590,196,0,0,-8296428
921,1,921,590,194,-0.258,-0.129,-8229866
922,1,922,588,194,-0.258,-0.129,-9410290
923,1,923,591,194,0.387,0.194,-8557290
924,1,924,591,194,0,0,-8623083
925,1,925,595,197,0.645,0.322,-8558317
926,1,926,595,197,0,0,-7900647
927,1,927,596,197,0.129,0.064,-8360171
928,1,928,598,197,0.258,0.129,-8228585
929,1,929,600,197,0.258,0.129,-7899622
930,1,930,602,197,0.258,0.129,-8360422
931,1,931,603,197,0.129,0.064,-8426985
932,1,932,606,197,0.387,0.194,-8952561
933,1,933,607,200,0.408,0.204,-9149936
934,1,934,607,200,0,0,-8426983
935,1,935,607,202,0.258,0.129,-8098280
936,1,936,607,203,0.129,0.064,-8162533
937,1,937,609,204,0.288,0.144,-9083635
938,1,938,610,205,0.182,0.091,-8817388
939,1,939,613,206,0.408,0.204,-8689389
940,1,940,617,210,0.73,0.365,-9348596
941,1,941,618,211,0.182,0.091,-8296424
942,1,942,618,213,0.258,0.129,-8689385
943,1,943,619,214,0.182,0.091,-8952046
944,1,944,619,215,0.129,0.064,-8295399
945,1,945,620,215,0.129,0.064,-8688877
946,1,946,623,216,0.408,0.204,-8754157
947,1,947,625,216,0.258,0.129,-8557801
948,1,948,627,218,0.365,0.182,-8949739
949,1,949,629,219,0.288,0.144,-8624364
950,1,950,632,222,0.547,0.274,-9346806
951,1,951,633,223,0.182,0.091,-8886764
952,1,952,634,224,0.182,0.091,-8423909
953,1,953,636,226,0.365,0.182,-9018093
954,1,954,640,228,0.577,0.288,-9610230
955,1,955,641,225,-0.408,-0.204,-9148914
956,1,956,641,226,0.129,0.064,-8689134
957,1,957,641,226,0,0,-8949228
958,1,958,642,228,0.288,0.144,-8623341
959,1,959,643,229,0.182,0.091,-8491497
960,1,960,643,229,0,0,-8558571
961,1,961,644,230,0.182,0.091,-9476850
962,1,962,650,235,1.008,0.504,-8756461
963,1,963,650,235,0,0,-8690157
964,1,964,658,242,1.371,0.686,-12836096
965,1,965,658,242,0,0,-12440576
966,1,966,656,242,-0.258,-0.129,-9019379
967,1,967,656,247,-0.645,-0.322,-10399997
968,1,968,654,249,-0.365,-0.182,-9546742
969,1,969,654,249,0,0,-9543154
970,1,970,657,250,-0.408,-0.204,-9478129
971,1,971,658,252,-0.288,-0.144,-9743095
972,1,972,659,253,-0.182,-0.091,-9740022
973,1,973,660,256,-0.408,-0.204,-10268156
974,1,974,662,258,-0.365,-0.182,-9676534
975,1,975,662,259,-0.129,-0.064,-10264828
976,1,976,663,261,-0.288,-0.144,-9151215
977,1,977,664,262,-0.182,-0.091,-9280752
978,1,978,668,264,-0.577,-0.288,-9480435
979,1,979,669,265,-0.182,-0.091,-9544435
980,1,980,671,268,-0.465,-0.233,-9745139
981,1,981,673,274,-0.816,-0.408,-12242944
982,1,982,677,273,-0.532,-0.266,-9282544
983,1,983,675,275,0.365,0.182,-9547507
984,1,984,680,273,-0.695,-0.347,-8362217
985,1,985,678,273,0.258,0.129,-8360938
986,1,986,681,273,-0.387,-0.194,-8361449
987,1,987,683,276,-0.465,-0.233,-9215472
988,1,988,684,279,-0.408,-0.204,-8427244
989,1,989,684,279,0,0,-9479155
990,1,990,683,279,0.129,0.064,-9019118
991,1,991,684,281,-0.288,-0.144,-9281522
992,1,992,684,281,0,0,-8886764
993,1,993,685,283,-0.288,-0.144,-9346545
994,1,994,685,284,-0.129,-0.064,-10397436
995,1,995,685,284,0,0,-10462457
996,1,996,684,282,0.288,0.144,-9937910
997,1,997,684,282,0,0,-9871090
998,1,998,683,286,0.532,0.266,-10530300
999,1,999,683,286,0,0,-10661373
1000,1,1000,683,287,-0.129,-0.064,-10463995
1001,1,1001,683,287,0,0,-10135796
1002,1,1002,683,287,0,0,-9481462
1003,1,1003,683,288,-0.129,-0.064,-9809398
1004,1,1004,683,289,-0.129,-0.064,-10530300
1005,1,1005,683,289,0,0,-10529018
1006,1,1006,683,289,0,0,-11383040
1007,1,1007,683,289,0,0,-10464254
1008,1,1008,683,289,0,0,-9872117
1009,1,1009,683,289,0,0,-10662654
1010,1,1010,683,289,0,0,-10989822
1011,1,1011,681,289,-0.258,-0.129,-10793211
1012,1,1012,681,290,-0.129,-0.064,-11316988
1013,1,1013,681,290,0,0,-11120638
1014,1,1014,681,290,0,0,-11318272
1015,1,1015,682,290,-0.129,-0.064,-10791932
1016,1,1016,683,291,-0.182,-0.091,-10726648
1017,1,1017,683,291,0,0,-10203643
1018,1,1018,683,291,0,0,-10463994
1019,1,1019,683,292,-0.129,-0.064,-10333691
1020,1,1020,683,292,0,0,-10792184
1021,1,1021,681,293,-0.288,-0.144,-11450624
1022,1,1022,681,293,0,0,-10924797
1023,1,1023,681,293,0,0,-11384319
1024,1,1024,681,293,0,0,-10792445
1025,1,1025,681,293,0,0,-10728958
1026,1,1026,681,293,0,0,-11647232
1027,1,1027,681,293,0,0,-10465277
1028,1,1028,681,293,0,0,-10530300
1029,1,1029,681,293,0,0,-10989820
1030,1,1030,681,293,0,0,-11450624
1031,1,1031,681,293,0,0,-10858236
1032,1,1032,681,293,0,0,-11055615
1033,1,1033,681,293,0,0,-10532860
1034,1,1034,681,293,0,0,-11449600
1035,1,1035,681,293,0,0,-11253760
1036,1,1036,681,293,0,0,-10923768
1037,1,1037,681,293,0,0,-10857977
1038,1,1038,681,293,0,0,-11121147
1039,1,1039,681,293,0,0,-10531068
1040,1,1040,681,293,0,0,-10399997
1041,1,1041,681,293,0,0,-11185663
1042,1,1042,681,293,0,0,-11120895
1043,1,1043,681,293,0,0,-10989822
1044,1,1044,681,293,0,0,-10398968
1045,1,1045,681,293,0,0,-10596861
1046,1,1046,681,293,0,0,-10595832
1047,1,1047,681,293,0,0,-11383038
1048,1,1048,681,293,0,0,-10793724
1049,1,1049,681,293,0,0,-11713024
1050,1,1050,681,293,0,0,-11121147
1051,1,1051,681,293,0,0,-11252222
1052,1,1052,681,293,0,0,-11252222
1053,1,1053,681,293,0,0,-11450624
1054,1,1054,681,293,0,0,-11252733
1055,1,1055,681,293,0,0,-11450112
1056,1,1056,681,293,0,0,-11055102
1057,1,1057,681,293,0,0,-11250941
1058,1,1058,681,293,0,0,-10728958
1059,1,1059,681,293,0,0,-11120896
1060,1,1060,681,293,0,0,-10793724
1061,1,1061,681,293,0,0,-10268920
1062,1,1062,681,293,0,0,-11317247
1063,1,1063,681,293,0,0,-11580160
1064,1,1064,681,293,0,0,-10529787
1065,1,1065,681,293,0,0,-10860287
1066,1,1066,681,293,0,0,-10398714
1067,1,1067,681,293,0,0,-10924029
1068,1,1068,681,293,0,0,-11186431
1069,1,1069,681,293,0,0,-10859519
1070,1,1070,681,293,0,0,-10529787
1071,1,1071,681,293,0,0,-10923005
1072,1,1072,681,293,0,0,-11121406
1073,1,1073,681,293,0,0,-11384064
1074,1,1074,681,293,0,0,-11580416
1075,1,1075,681,293,0,0,-10991103
1076,1,1076,681,293,0,0,-11581951
1077,1,1077,681,293,0,0,-11449599
1078,1,1078,681,293,0,0,-11055615
1079,1,1079,681,293,0,0,-11383808
1080,1,1080,681,293,0,0,-10595064
1081,1,1081,681,293,0,0,-10269690
1082,1,1082,681,293,0,0,-10924797
1083,1,1083,681,293,0,0,-10860287
1084,1,1084,681,293,0,0,-10533119
1085,1,1085,681,293,0,0,-11252220
1086,1,1086,681,293,0,0,-10662140
1087,1,1087,681,293,0,0,-10136825
1088,1,1088,681,293,0,0,-11120895
1089,1,1089,681,293,0,0,-10793726
1090,1,1090,681,293,0,0,-10662140
1091,1,1091,681,293,0,0,-9940474
1092,1,1092,681,293,0,0,-11976192
1093,1,1093,681,293,0,0,-10794494
1094,1,1094,681,293,0,0,-10729724
1095,1,1095,681,293,0,0,-11646976
1096,1,1096,681,293,0,0,-11253760
1097,1,1097,681,293,0,0,-11187199
1098,1,1098,681,293,0,0,-10530300
1099,1,1099,681,293,0,0,-10595834
1100,1,1100,681,293,0,0,-11055104
1101,1,1101,681,293,0,0,-11252222
1102,1,1102,681,293,0,0,-11055356
1103,1,1103,681,293,0,0,-10857983
1104,1,1104,681,293,0,0,-11055613
1105,1,1105,681,293,0,0,-11317247
1106,1,1106,681,293,0,0,-11580416
1107,1,1107,681,293,0,0,-11319038
1108,1,1108,681,293,0,0,-10792445
1109,1,1109,681,293,0,0,-10990590
1110,1,1110,681,293,0,0,-10597372
1111,1,1111,681,293,0,0,-11186429
1112,1,1112,681,293,0,0,-10661373
1113,1,1113,681,293,0,0,-11842048
1114,1,1114,681,293,0,0,-11055360
1115,1,1115,681,293,0,0,-10726652
1116,1,1116,681,293,0,0,-10794751
1117,1,1117,681,293,0,0,-11057149
1118,1,1118,681,293,0,0,-10465275
1119,1,1119,681,293,0,0,-11250943
1120,1,1120,681,293,0,0,-10726650
1121,1,1121,681,293,0,0,-11382527
1122,1,1122,681,293,0,0,-11122687
1123,1,1123,681,293,0,0,-11382527
1124,1,1124,681,293,0,0,-10532090
1125,1,1125,681,293,0,0,-10727166
1126,1,1126,681,293,0,0,-11252222
1127,1,1127,681,293,0,0,-10399997
1128,1,1128,681,293,0,0,-10989563
1129,1,1129,681,293,0,0,-10463994
1130,1,1130,681,293,0,0,-10793722
1131,1,1131,681,293,0,0,-11055615
1132,1,1132,681,293,0,0,-11055356
1133,1,1133,680,294,0.182,0.091,-11712000
1134,1,1134,678,293,0.288,0.144,-11054843
1135,1,1135,678,293,0,0,-11513599
1136,1,1136,682,292,0.532,0.266,-10924029
1137,1,1137,683,292,0.129,0.064,-10595066
1138,1,1138,683,289,0.387,0.194,-10531070
1139,1,1139,683,289,0,0,-9743607
1140,1,1140,683,289,0,0,-10202365
1141,1,1141,683,289,0,0,-10530301
1142,1,1142,683,289,0,0,-10531071
1143,1,1143,683,289,0,0,-9874680
1144,1,1144,683,289,0,0,-10464761
1145,1,1145,681,288,0.288,0.144,-11449599
1146,1,1146,681,288,0,0,-10333689
1147,1,1147,681,288,0,0,-10661374
1148,1,1148,684,289,-0.408,-0.204,-10662656
1149,1,1149,685,290,-0.182,-0.091,-11120638
1150,1,1150,685,290,0,0,-11185663
1151,1,1151,681,289,0.532,0.266,-10136825
1152,1,1152,683,288,-0.288,-0.144,-10332922
1153,1,1153,684,287,-0.182,-0.091,-10331641
1154,1,1154,685,286,-0.182,-0.091,-9741301
1155,1,1155,685,286,0,0,-9676021
1156,1,1156,684,286,0.129,0.064,-9874681
1157,1,1157,684,287,0.129,0.064,-9610741
1158,1,1158,684,288,0.129,0.064,-10727166
1159,1,1159,684,289,0.129,0.064,-10466047
1160,1,1160,684,289,0,0,-10399484
1161,1,1161,684,289,0,0,-10530300
1162,1,1162,684,289,0,0,-10137082
1163,1,1163,684,290,0.129,0.064,-10596093
1164,1,1164,681,291,0.408,0.204,-11975168
1165,1,1165,681,291,0,0,-11449600
1166,1,1166,681,291,0,0,-11120895
1167,1,1167,681,291,0,0,-11055615
1168,1,1168,685,289,0.577,0.288,-10202105
1169,1,1169,685,289,0,0,-10267647
1170,1,1170,685,289,0,0,-10334204
1171,1,1171,685,289,0,0,-10463994
1172,1,1172,684,289,-0.129,-0.064,-10794240
1173,1,1173,683,289,-0.129,-0.064,-9874681
1174,1,1174,683,289,0,0,-10529020
1175,1,1175,683,289,0,0,-10202875
1176,1,1176,683,289,0,0,-11054845
1177,1,1177,683,289,0,0,-10662140
1178,1,1178,683,289,0,0,-10595580
1179,1,1179,683,289,0,0,-10989561
1180,1,1180,683,289,0,0,-10463994
1181,1,1181,683,289,0,0,-10267898
1182,1,1182,681,291,-0.365,-0.182,-11121660
1183,1,1183,680,292,-0.182,-0.091,-10595581
1184,1,1184,680,292,0,0,-11316220
1185,1,1185,680,293,0.129,0.064,-11447806
1186,1,1186,680,293,0,0,-11185150
1187,1,1187,680,293,0,0,-10595581
1188,1,1188,680,293,0,0,-11316988
1189,1,1189,680,293,0,0,-10923519
1190,1,1190,680,293,0,0,-11317247
1191,1,1191,680,293,0,0,-10662654
1192,1,1192,678,293,0.258,0.129,-11513597
1193,1,1193,678,293,0,0,-10465277
1194,1,1194,680,292,0.288,0.144,-11579390
1195,1,1195,680,292,0,0,-11384319
1196,1,1196,680,292,0,0,-11055102
1197,1,1197,682,290,0.365,0.182,-11384319
1198,1,1198,682,290,0,0,-11054845
1199,1,1199,682,290,0,0,-11382781
1200,1,1200,682,290,0,0,-11058176
1201,1,1201,682,290,0,0,-10858238
1202,1,1202,682,290,0,0,-10529787
1203,1,1203,682,290,0,0,-11777536
1204,1,1204,683,291,0.182,0.091,-10727420
1205,1,1205,683,291,0,0,-10662908
1206,1,1206,683,291,0,0,-11318015
1207,1,1207,683,292,0.129,0.064,-11778816
1208,1,1208,683,292,0,0,-10792959
1209,1,1209,683,292,0,0,-11517696
1210,1,1210,683,292,0,0,-10531322
1211,1,1211,683,292,0,0,-10923518
1212,1,1212,683,292,0,0,-10990590
1213,1,1213,683,292,0,0,-10595834
1214,1,1214,683,292,0,0,-10465277
1215,1,1215,683,292,0,0,-11121660
1216,1,1216,683,292,0,0,-10597626
1217,1,1217,683,292,0,0,-10597113
1218,1,1218,683,292,0,0,-10793211
1219,1,1219,683,292,0,0,-11055613
1220,1,1220,683,292,0,0,-11122429
1221,1,1221,683,292,0,0,-11187967
1222,1,1222,683,292,0,0,-10794240
1223,1,1223,683,292,0,0,-10858238
1224,1,1224,683,292,0,0,-11777536
1225,1,1225,683,292,0,0,-10335740
1226,1,1226,683,292,0,0,-10728448
1227,1,1227,683,292,0,0,-11187199
1228,1,1228,683,292,0,0,-10794751
1229,1,1229,683,292,0,0,-10465277
1230,1,1230,683,292,0,0,-10202106
1231,1,1231,683,292,0,0,-11843328
1232,1,1232,683,292,0,0,-11384320
1233,1,1233,683,292,0,0,-10727420
1234,1,1234,683,292,0,0,-11580416
1235,1,1235,683,292,0,0,-10926077
1236,1,1236,683,292,0,0,-11056896
1237,1,1237,683,292,0,0,-10860798
1238,1,1238,683,292,0,0,-11186427
1239,1,1239,683,292,0,0,-11121408
1240,1,1240,683,292,0,0,-11056894
1241,1,1241,683,292,0,0,-10990592
1242,1,1242,683,292,0,0,-10795005
1243,1,1243,681,291,-0.288,-0.144,-11056383
1244,1,1244,681,291,0,0,-11514878
1245,1,1245,679,290,0.288,0.144,-11647229
1246,1,1246,679,290,0,0,-11055102
1247,1,1247,679,290,0,0,-10860285
1248,1,1248,681,290,-0.258,-0.129,-10597115
1249,1,1249,680,291,0.182,0.091,-10595581
1250,1,1250,680,292,0.129,0.064,-11646463
1251,1,1251,680,292,0,0,-10924797
1252,1,1252,681,292,0.129,0.064,-10989309
1253,1,1253,682,292,0.129,0.064,-10923257
1254,1,1254,683,292,0.129,0.064,-11318528
1255,1,1255,683,292,0,0,-10333691
1256,1,1256,683,292,0,0,-10137083
1257,1,1257,683,292,0,0,-10597115
1258,1,1258,683,292,0,0,-11120384
1259,1,1259,683,292,0,0,-10858236
1260,1,1260,683,292,0,0,-11120636
1261,1,1261,683,292,0,0,-10595581
1262,1,1262,683,292,0,0,-10464759
1263,1,1263,681,293,-0.288,-0.144,-10597376
1264,1,1264,681,293,0,0,-11449599
1265,1,1265,681,291,-0.258,-0.129,-10400508
1266,1,1266,681,291,0,0,-11384831
1267,1,1267,681,291,0,0,-10728699
1268,1,1268,681,291,0,0,-11186688
1269,1,1269,684,290,-0.408,-0.204,-10792445
1270,1,1270,684,289,-0.129,-0.064,-11120895
1271,1,1271,684,289,0,0,-11055104
1272,1,1272,684,289,0,0,-10792445
1273,1,1273,684,289,0,0,-10005499
1274,1,1274,684,289,0,0,-10989052
1275,1,1275,684,289,0,0,-11121660
1276,1,1276,684,289,0,0,-9940473
1277,1,1277,684,289,0,0,-10792445
1278,1,1278,684,289,0,0,-10923516
1279,1,1279,682,289,-0.258,-0.129,-10926848
1280,1,1280,682,289,0,0,-10989309
1281,1,1281,682,289,0,0,-10726397
1282,1,1282,682,289,0,0,-10726650
1283,1,1283,682,289,0,0,-11054077
1284,1,1284,682,289,0,0,-10006266
1285,1,1285,682,289,0,0,-10989309
1286,1,1286,682,289,0,0,-10793726
1287,1,1287,682,289,0,0,-10398968
1288,1,1288,682,289,0,0,-10136570
1289,1,1289,682,289,0,0,-10730240
1290,1,1290,682,290,-0.129,-0.064,-10858236
1291,1,1291,682,290,0,0,-10201084
1292,1,1292,682,290,0,0,-10989563
1293,1,1293,682,290,0,0,-10925310
1294,1,1294,682,290,0,0,-11383806
1295,1,1295,682,290,0,0,-10399482
1296,1,1296,682,290,0,0,-11120636
1297,1,1297,682,290,0,0,-10399995
1298,1,1298,682,290,0,0,-10858238
1299,1,1299,682,290,0,0,-10923518
1300,1,1300,682,290,0,0,-10333943
1301,1,1301,682,290,0,0,-10857726
1302,1,1302,682,290,0,0,-10662138
1303,1,1303,682,290,0,0,-10924797
1304,1,1304,682,290,0,0,-10200822
1305,1,1305,682,290,0,0,-10727933
1306,1,1306,682,290,0,0,-11054843
1307,1,1307,682,290,0,0,-10857725
1308,1,1308,682,290,0,0,-11120896
1309,1,1309,682,290,0,0,-10791930
1310,1,1310,682,290,0,0,-10989050
1311,1,1311,682,290,0,0,-10726137
1312,1,1312,682,290,0,0,-10859519
1313,1,1313,682,290,0,0,-10857723
1314,1,1314,682,290,0,0,-10466815
1315,1,1315,682,290,0,0,-10989309
1316,1,1316,682,290,0,0,-11186431
1317,1,1317,682,290,0,0,-11382009
1318,1,1318,682,290,0,0,-10333691
1319,1,1319,682,290,0,0,-10858238
1320,1,1320,682,290,0,0,-10465786
1321,1,1321,682,290,0,0,-11120638
1322,1,1322,682,290,0,0,-10464507
1323,1,1323,682,290,0,0,-11318013
1324,1,1324,682,290,0,0,-11319039
1325,1,1325,682,290,0,0,-11054843
1326,1,1326,682,290,0,0,-11514878
1327,1,1327,682,290,0,0,-10857723
1328,1,1328,682,290,0,0,-11055356
1329,1,1329,682,290,0,0,-11318013
1330,1,1330,682,290,0,0,-11186429
1331,1,1331,682,290,0,0,-11318268
1332,1,1332,682,290,0,0,-11055615
1333,1,1333,682,290,0,0,-10924799
1334,1,1334,682,290,0,0,-10727418
1335,1,1335,682,290,0,0,-10792445
1336,1,1336,684,291,-0.288,-0.144,-10989311
1337,1,1337,684,291,0,0,-11055356
1338,1,1338,684,291,0,0,-11185661
1339,1,1339,684,290,0.129,0.064,-11056383
1340,1,1340,684,289,0.129,0.064,-10595581
1341,1,1341,683,289,0.129,0.064,-10137082
1342,1,1342,682,289,0.129,0.064,-10726139
1343,1,1343,682,289,0,0,-10594811
1344,1,1344,683,290,0.182,0.091,-10793726
1345,1,1345,683,290,0,0,-9873910
1346,1,1346,683,290,0,0,-10923005
1347,1,1347,683,289,-0.129,-0.064,-10071292
1348,1,1348,683,289,0,0,-10331128
1349,1,1349,683,290,0.129,0.064,-10727166
1350,1,1350,682,291,0.182,0.091,-10267129
1351,1,1351,682,291,0,0,-10923006
1352,1,1352,682,291,0,0,-10137336
1353,1,1353,683,291,-0.129,-0.064,-10464761
1354,1,1354,683,291,0,0,-10529018
1355,1,1355,683,291,0,0,-10595580
1356,1,1356,683,291,0,0,-10464507
1357,1,1357,683,291,0,0,-10859006
1358,1,1358,683,291,0,0,-10202618
1359,1,1359,684,291,-0.129,-0.064,-10005499
1360,1,1360,684,291,0,0,-10660604
1361,1,1361,684,291,0,0,-10069239
1362,1,1362,684,291,0,0,-10266875
1363,1,1363,684,290,-0.129,-0.064,-10333692
1364,1,1364,684,290,0,0,-10332411
1365,1,1365,684,290,0,0,-10398204
1366,1,1366,684,290,0,0,-10463229
1367,1,1367,683,290,-0.129,-0.064,-10332668
1368,1,1368,683,290,0,0,-10923519
1369,1,1369,683,290,0,0,-10398715
1370,1,1370,683,290,0,0,-10596094
1371,1,1371,683,290,0,0,-10333692
1372,1,1372,683,290,0,0,-10924027
1373,1,1373,683,290,0,0,-10530300
1374,1,1374,683,290,0,0,-11186176
1375,1,1375,683,290,0,0,-9874678
1376,1,1376,683,290,0,0,-11251456
1377,1,1377,683,290,0,0,-10398715
1378,1,1378,683,290,0,0,-10661373
1379,1,1379,683,290,0,0,-11252222
1380,1,1380,683,290,0,0,-10463997
1381,1,1381,683,290,0,0,-11121149
1382,1,1382,683,290,0,0,-10529018
1383,1,1383,683,290,0,0,-10529788
1384,1,1384,683,290,0,0,-10595834
1385,1,1385,683,290,0,0,-10464507
1386,1,1386,683,290,0,0,-10268156
1387,1,1387,683,290,0,0,-11121406
1388,1,1388,683,290,0,0,-10529788
1389,1,1389,683,290,0,0,-10201852
1390,1,1390,683,291,-0.129,-0.064,-10463227
1391,1,1391,684,293,-0.288,-0.144,-11189504
1392,1,1392,684,293,0,0,-10594811
1393,1,1393,684,293,0,0,-10860032
1394,1,1394,684,293,0,0,-10728447
1395,1,1395,684,293,0,0,-9939703
1396,1,1396,684,293,0,0,-10793724
1397,1,1397,684,293,0,0,-10794240
1398,1,1398,684,293,0,0,-10529790
1399,1,1399,684,293,0,0,-10465788
1400,1,1400,684,293,0,0,-10989822
1401,1,1401,684,293,0,0,-10594811
1402,1,1402,684,293,0,0,-10398202
1403,1,1403,684,293,0,0,-11054591
1404,1,1404,684,293,0,0,-10661373
1405,1,1405,684,293,0,0,-10464507
1406,1,1406,684,293,0,0,-10202363
1407,1,1407,684,293,0,0,-11120638
1408,1,1408,684,293,0,0,-11319552
1409,1,1409,685,293,-0.129,-0.064,-10135289
1410,1,1410,685,293,0,0,-11383808
1411,1,1411,685,293,0,0,-10857725
1412,1,1412,684,293,0.129,0.064,-10464508
1413,1,1413,684,293,0,0,-11187200
1414,1,1414,684,293,0,0,-10594811
1415,1,1415,683,292,0.182,0.091,-10268156
1416,1,1416,683,291,0.129,0.064,-10529788
1417,1,1417,683,291,0,0,-10201852
1418,1,1418,683,291,0,0,-10528507
1419,1,1419,683,291,0,0,-10070519
1420,1,1420,683,291,0,0,-10267898
1421,1,1421,683,291,0,0,-10791422
1422,1,1422,683,291,0,0,-10596094
1423,1,1423,683,291,0,0,-11055356
1424,1,1424,683,291,0,0,-9808634
1425,1,1425,683,290,0.129,0.064,-10071289
1426,1,1426,683,290,0,0,-10136313
1427,1,1427,681,289,0.288,0.144,-10462968
1428,1,1428,681,289,0,0,-11055356
1429,1,1429,681,289,0,0,-10399997
1430,1,1430,681,289,0,0,-11121406
1431,1,1431,681,289,0,0,-10268156
1432,1,1432,681,289,0,0,-10663165
1433,1,1433,681,289,0,0,-10004984
1434,1,1434,681,289,0,0,-10595581
1435,1,1435,681,289,0,0,-10662908
1436,1,1436,681,291,-0.258,-0.129,-11055613
1437,1,1437,681,291,0,0,-10662140
1438,1,1438,681,291,0,0,-10988284
1439,1,1439,681,291,0,0,-10332409
1440,1,1440,681,291,0,0,-11383806
1441,1,1441,681,291,0,0,-11384064
1442,1,1442,681,290,0.129,0.064,-10463994
1443,1,1443,681,290,0,0,-11317248
1444,1,1444,681,290,0,0,-9939955
1445,1,1445,681,290,0,0,-11383040
1446,1,1446,681,290,0,0,-10202616
1447,1,1447,681,292,-0.258,-0.129,-10661887
1448,1,1448,681,293,-0.129,-0.064,-11384064
1449,1,1449,681,291,0.258,0.129,-11976192
1450,1,1450,681,291,0,0,-11252222
1451,1,1451,680,293,-0.288,-0.144,-10334202
1452,1,1452,678,294,-0.288,-0.144,-10596347
1453,1,1453,680,292,0.365,0.182,-10136574
1454,1,1454,680,293,-0.129,-0.064,-11382528
1455,1,1455,680,293,0,0,-11119870
1456,1,1456,680,292,0.129,0.064,-11318015
1457,1,1457,680,290,0.258,0.129,-11515904
1458,1,1458,680,290,0,0,-11119868
1459,1,1459,680,290,0,0,-10923770
1460,1,1460,680,290,0,0,-10530300
1461,1,1461,680,290,0,0,-11120636
1462,1,1462,680,290,0,0,-11120638
1463,1,1463,680,290,0,0,-10794240
1464,1,1464,680,290,0,0,-10859519
1465,1,1465,680,290,0,0,-11186429
1466,1,1466,680,290,0,0,-10464761
1467,1,1467,680,290,0,0,-10662656
1468,1,1468,680,290,0,0,-11317245
1469,1,1469,680,290,0,0,-10530300
1470,1,1470,680,290,0,0,-10661373
1471,1,1471,680,290,0,0,-11055615
1472,1,1472,680,290,0,0,-10860287
1473,1,1473,680,290,0,0,-10792445
1474,1,1474,680,290,0,0,-10989052
1475,1,1475,680,290,0,0,-10660346
1476,1,1476,680,293,-0.387,-0.194,-10530041
1477,1,1477,680,293,0,0,-11186688
1478,1,1478,681,293,-0.129,-0.064,-10137083
1479,1,1479,681,293,0,0,-11251456
1480,1,1480,681,293,0,0,-10398715
1481,1,1481,681,293,0,0,-10529018
1482,1,1482,681,293,0,0,-10136570
1483,1,1483,681,293,0,0,-10464508
1484,1,1484,681,293,0,0,-11384319
1485,1,1485,681,294,-0.129,-0.064,-10596347
1486,1,1486,681,294,0,0,-10991103
1487,1,1487,680,294,-0.129,-0.064,-10923519
1488,1,1488,679,292,-0.288,-0.144,-11316220
1489,1,1489,680,291,-0.182,-0.091,-11054075
1490,1,1490,680,291,0,0,-11251454
1491,1,1491,680,291,0,0,-10266616
1492,1,1492,680,293,0.258,0.129,-9939191
1493,1,1493,678,296,0.465,0.233,-10266618
1494,1,1494,678,296,0,0,-10398715
1495,1,1495,681,294,0.465,0.233,-10332921
1496,1,1496,681,294,0,0,-10531579
1497,1,1497,681,293,0.129,0.064,-10726399
1498,1,1498,681,293,0,0,-10924799
1499,1,1499,683,290,0.465,0.233,-10529788
1500,1,1500,683,290,0,0,-10924031
1501,1,1501,683,289,0.129,0.064,-10727418
1502,1,1502,681,287,0.365,0.182,-10923518
1503,1,1503,681,287,0,0,-11120895
1504,1,1504,683,283,-0.577,-0.288,-9807860
1505,1,1505,683,283,0,0,-10201336
1506,1,1506,683,286,0.387,0.194,-10924029
1507,1,1507,683,286,0,0,-10333691
1508,1,1508,683,284,-0.258,-0.129,-10070520
1509,1,1509,683,284,0,0,-10726140
1510,1,1510,683,284,0,0,-9609715
1511,1,1511,683,284,0,0,-10136570
1512,1,1512,683,287,0.387,0.194,-9939446
1513,1,1513,683,290,0.387,0.194,-10463225
1514,1,1514,684,287,-0.408,-0.204,-9871606
1515,1,1515,684,287,0,0,-10855934
1516,1,1516,684,287,0,0,-9544435
1517,1,1517,684,287,0,0,-9807348
1518,1,1518,684,287,0,0,-9937653
1519,1,1519,684,287,0,0,-9609715
1520,1,1520,684,287,0,0,-9347058
1521,1,1521,684,287,0,0,-9281776
1522,1,1522,684,287,0,0,-10529273
1523,1,1523,684,287,0,0,-9939195
1524,1,1524,684,287,0,0,-9938933
1525,1,1525,684,287,0,0,-10201852
1526,1,1526,684,287,0,0,-9677559
1527,1,1527,684,287,0,0,-9412849
1528,1,1528,684,287,0,0,-10202876
1529,1,1529,684,287,0,0,-11053822
1530,1,1530,684,287,0,0,-9807605
1531,1,1531,684,287,0,0,-10331639
1532,1,1532,684,287,0,0,-10069496
1533,1,1533,684,287,0,0,-10200571
1534,1,1534,684,287,0,0,-10396921
1535,1,1535,684,291,0.516,0.258,-10332157
1536,1,1536,684,291,0,0,-10398714
1537,1,1537,684,291,0,0,-10333692
1538,1,1538,684,291,0,0,-10725627
1539,1,1539,684,291,0,0,-10857726
1540,1,1540,684,291,0,0,-10660606
1541,1,1541,684,291,0,0,-11250941
1542,1,1542,683,291,0.129,0.064,-10136313
1543,1,1543,683,292,0.129,0.064,-10664448
1544,1,1544,683,292,0,0,-10596093
1545,1,1545,683,292,0,0,-10465790
1546,1,1546,683,292,0,0,-10794494
1547,1,1547,683,292,0,0,-11450624
1548,1,1548,682,290,-0.288,-0.144,-10202365
1549,1,1549,682,290,0,0,-10661374
1550,1,1550,682,290,0,0,-10464507
1551,1,1551,682,290,0,0,-10530300
1552,1,1552,682,290,0,0,-9611509
1553,1,1553,682,290,0,0,-9743094
1554,1,1554,681,291,-0.182,-0.091,-9874164
1555,1,1555,681,291,0,0,-10398714
1556,1,1556,681,291,0,0,-10136570
1557,1,1557,681,291,0,0,-10989309
1558,1,1558,681,291,0,0,-10268411
1559,1,1559,682,291,0.129,0.064,-10332922
1560,1,1560,681,291,-0.129,-0.064,-10660859
1561,1,1561,680,291,-0.129,-0.064,-9742324
1562,1,1562,680,291,0,0,-10331643
1563,1,1563,680,291,0,0,-10070519
1564,1,1564,680,291,0,0,-10463225
1565,1,1565,681,291,-0.129,-0.064,-9348337
1566,1,1566,681,290,-0.129,-0.064,-10005497
1567,1,1567,681,290,0,0,-9546996
1568,1,1568,681,290,0,0,-10004727
1569,1,1569,681,290,0,0,-9939191
1570,1,1570,681,290,0,0,-10136313
1571,1,1571,682,289,-0.182,-0.091,-9743094
1572,1,1572,682,289,0,0,-9676019
1573,1,1573,680,291,0.365,0.182,-10528507
1574,1,1574,680,292,0.129,0.064,-10134778
1575,1,1575,680,292,0,0,-10137082
1576,1,1576,680,292,0,0,-9940731
1577,1,1577,680,292,0,0,-10528507
1578,1,1578,680,292,0,0,-10136572
1579,1,1579,680,292,0,0,-10071290
1580,1,1580,680,292,0,0,-10398461
1581,1,1581,680,292,0,0,-10332922
1582,1,1582,680,292,0,0,-10465790
1583,1,1583,680,292,0,0,-10332411
1584,1,1584,680,293,0.129,0.064,-10725629
1585,1,1585,680,293,0,0,-9873913
1586,1,1586,680,293,0,0,-10202875
1587,1,1587,680,293,0,0,-10397950
1588,1,1588,680,293,0,0,-10858236
1589,1,1589,680,293,0,0,-10726397
1590,1,1590,680,293,0,0,-10462714
1591,1,1591,680,293,0,0,-10859519
1592,1,1592,681,293,0.129,0.064,-10463227
1593,1,1593,681,293,0,0,-11054845
1594,1,1594,681,293,0,0,-11711744
1595,1,1595,681,293,0,0,-9612789
1596,1,1596,681,293,0,0,-11055356
1597,1,1597,681,293,0,0,-10989824
1598,1,1598,682,293,0.129,0.064,-10659834
1599,1,1599,682,293,0,0,-10925312
1600,1,1600,682,293,0,0,-10922236
1601,1,1601,682,293,0,0,-10201336
1602,1,1602,682,293,0,0,-10465277
1603,1,1603,682,293,0,0,-10333692
1604,1,1604,682,293,0,0,-10135289
1605,1,1605,682,293,0,0,-10727420
1606,1,1606,682,293,0,0,-10594553
1607,1,1607,682,293,0,0,-10070777
1608,1,1608,682,293,0,0,-10726139
1609,1,1609,682,293,0,0,-10858234
1610,1,1610,683,293,0.129,0.064,-10728448
1611,1,1611,683,293,0,0,-11120895
1612,1,1612,683,293,0,0,-10727420
1613,1,1613,683,293,0,0,-10661886
1614,1,1614,683,293,0,0,-10794751
1615,1,1615,683,293,0,0,-10859517
1616,1,1616,683,293,0,0,-10926336
1617,1,1617,683,293,0,0,-10399484
1618,1,1618,683,293,0,0,-11318784
1619,1,1619,683,293,0,0,-10861310
1620,1,1620,683,293,0,0,-10991101
1621,1,1621,683,293,0,0,-10399485
1622,1,1622,683,293,0,0,-10859004
1623,1,1623,683,293,0,0,-10859264
1624,1,1624,683,293,0,0,-10595580
1625,1,1625,683,293,0,0,-10661627
1626,1,1626,683,293,0,0,-11252224
1627,1,1627,683,293,0,0,-10597372
1628,1,1628,683,293,0,0,-10464508
1629,1,1629,683,293,0,0,-10399997
1630,1,1630,683,293,0,0,-11252735
1631,1,1631,683,293,0,0,-10597887
1632,1,1632,683,293,0,0,-10529788
1633,1,1633,683,292,0.129,0.064,-10531322
1634,1,1634,683,292,0,0,-10467069
1635,1,1635,683,292,0,0,-10597883
1636,1,1636,683,292,0,0,-10992383
1637,1,1637,683,292,0,0,-10860287
1638,1,1638,683,292,0,0,-10595583
1639,1,1639,683,292,0,0,-11186942
1640,1,1640,683,292,0,0,-10530301
1641,1,1641,682,293,-0.182,-0.091,-10268156
1642,1,1642,682,293,0,0,-10725627
1643,1,1643,682,294,0.129,0.064,-10990588
1644,1,1644,681,294,0.129,0.064,-10399736
1645,1,1645,681,294,0,0,-11319039
1646,1,1646,681,294,0,0,-10333691
1647,1,1647,681,294,0,0,-10795264
1648,1,1648,681,294,0,0,-10596093
1649,1,1649,681,294,0,0,-11120895
1650,1,1650,681,294,0,0,-10925310
1651,1,1651,681,294,0,0,-11252222
1652,1,1652,681,294,0,0,-10726652
1653,1,1653,681,295,0.129,0.064,-10597372
1654,1,1654,681,295,0,0,-10333691
1655,1,1655,681,295,0,0,-11449600
1656,1,1656,681,295,0,0,-11778048
1657,1,1657,683,297,0.365,0.182,-11449600
1658,1,1658,684,297,0.129,0.064,-10988799
1659,1,1659,684,297,0,0,-11186429
1660,1,1660,684,297,0,0,-10464507
1661,1,1661,684,297,0,0,-10988798
1662,1,1662,684,297,0,0,-11055615
1663,1,1663,684,297,0,0,-10858238
1664,1,1664,684,297,0,0,-11316220
1665,1,1665,684,297,0,0,-10661627
1666,1,1666,684,297,0,0,-10923005
1667,1,1667,684,297,0,0,-10726140
1668,1,1668,684,297,0,0,-11120638
1669,1,1669,684,297,0,0,-10857983
1670,1,1670,684,297,0,0,-11252480
1671,1,1671,684,297,0,0,-10859006
1672,1,1672,684,297,0,0,-10793213
1673,1,1673,684,297,0,0,-10989309
1674,1,1674,684,297,0,0,-10466301
1675,1,1675,688,291,0.93,0.465,-9412851
1676,1,1676,690,288,0.465,0.233,-8360169
1677,1,1677,686,289,-0.532,-0.266,-9610487
1678,1,1678,682,291,-0.577,-0.288,-9873141
1679,1,1679,682,291,0,0,-10268411
1680,1,1680,682,291,0,0,-10071032
1681,1,1681,682,291,0,0,-10857725
1682,1,1682,682,291,0,0,-9873140
1683,1,1683,682,291,0,0,-9938680
1684,1,1684,682,291,0,0,-10464256
1685,1,1685,682,291,0,0,-10070520
1686,1,1686,682,291,0,0,-10266616
1687,1,1687,682,291,0,0,-10529787
1688,1,1688,682,291,0,0,-10399484
1689,1,1689,682,291,0,0,-10529788
1690,1,1690,682,291,0,0,-10464508
1691,1,1691,682,291,0,0,-10725627
1692,1,1692,682,291,0,0,-10857725
1693,1,1693,682,291,0,0,-10661886
1694,1,1694,682,291,0,0,-10135291
1695,1,1695,682,291,0,0,-10004473
1696,1,1696,682,291,0,0,-10529020
1697,1,1697,682,291,0,0,-10267899
1698,1,1698,682,291,0,0,-10202363
1699,1,1699,682,291,0,0,-9546994
1700,1,1700,682,291,0,0,-10463995
1701,1,1701,682,291,0,0,-11185663
1702,1,1702,682,291,0,0,-10660859
1703,1,1703,682,291,0,0,-10793213
1704,1,1704,682,291,0,0,-10070779
1705,1,1705,682,291,0,0,-10462968
1706,1,1706,682,291,0,0,-10663680
1707,1,1707,682,291,0,0,-10463995
1708,1,1708,682,291,0,0,-9807605
1709,1,1709,682,291,0,0,-10006777
1710,1,1710,682,291,0,0,-10529787
1711,1,1711,682,291,0,0,-10136572
1712,1,1712,682,291,0,0,-10331641
1713,1,1713,682,291,0,0,-9742324
1714,1,1714,682,291,0,0,-10463997
1715,1,1715,682,291,0,0,-10792190
1716,1,1716,682,291,0,0,-10463225
1717,1,1717,682,291,0,0,-10004986
1718,1,1718,682,291,0,0,-10726397
1719,1,1719,682,291,0,0,-9940474
1720,1,1720,681,292,0.182,0.091,-10858236
1721,1,1721,679,292,0.258,0.129,-10398715
1722,1,1722,678,290,0.288,0.144,-9938933
1723,1,1723,679,289,0.182,0.091,-10135030
1724,1,1724,678,289,-0.129,-0.064,-10265848
1725,1,1725,677,291,-0.288,-0.144,-11054592
1726,1,1726,678,291,0.129,0.064,-9939703
1727,1,1727,678,291,0,0,-10464254
1728,1,1728,678,291,0,0,-10792190
1729,1,1729,678,289,0.258,0.129,-10792190
1730,1,1730,678,289,0,0,-10396923
1731,1,1731,678,289,0,0,-9872887
1732,1,1732,678,289,0,0,-9937651
1733,1,1733,678,289,0,0,-10857213
1734,1,1734,678,289,0,0,-9873141
1735,1,1735,678,289,0,0,-10135542
1736,1,1736,678,289,0,0,-10332668
1737,1,1737,678,289,0,0,-10462716
1738,1,1738,678,289,0,0,-10135289
1739,1,1739,678,289,0,0,-10134515
1740,1,1740,679,289,0.129,0.064,-10465277
1741,1,1741,679,289,0,0,-9742067
1742,1,1742,679,289,0,0,-10135030
1743,1,1743,679,289,0,0,-9677302
1744,1,1744,679,289,0,0,-10004727
1745,1,1745,679,289,0,0,-10857726
1746,1,1746,679,289,0,0,-9742325
1747,1,1747,679,289,0,0,-10594554
1748,1,1748,679,289,0,0,-10332922
1749,1,1749,679,289,0,0,-10857726
1750,1,1750,679,289,0,0,-10202106
1751,1,1751,679,289,0,0,-9675762
1752,1,1752,679,289,0,0,-10135543
1753,1,1753,679,289,0,0,-9807348
1754,1,1754,680,289,0.129,0.064,-10070266
1755,1,1755,680,289,0,0,-9676531
1756,1,1756,680,289,0,0,-10003956
1757,1,1757,680,289,0,0,-9676019
1758,1,1758,680,290,0.129,0.064,-10725629
1759,1,1759,679,291,0.182,0.091,-9871606
1760,1,1760,680,290,-0.182,-0.091,-10528761
1761,1,1761,680,291,0.129,0.064,-10005496
1762,1,1762,681,294,0.408,0.204,-10662138
1763,1,1763,681,294,0,0,-11252222
1764,1,1764,681,294,0,0,-10661886
1765,1,1765,681,294,0,0,-10794751
1766,1,1766,683,290,-0.577,-0.288,-9808887
1767,1,1767,683,290,0,0,-9743603
1768,1,1768,683,290,0,0,-10202105
1769,1,1769,683,290,0,0,-10660859
1770,1,1770,683,293,0.387,0.194,-10728447
1771,1,1771,683,293,0,0,-10660604
1772,1,1772,683,293,0,0,-10072057
1773,1,1773,684,290,-0.408,-0.204,-10135032
1774,1,1774,684,291,0.129,0.064,-9807605
1775,1,1775,684,291,0,0,-10529790
1776,1,1776,684,293,0.258,0.129,-10531840
1777,1,1777,684,293,0,0,-11055616
1778,1,1778,684,293,0,0,-11055616
1779,1,1779,684,293,0,0,-11316220
1780,1,1780,684,293,0,0,-10596093
1781,1,1781,684,293,0,0,-10333692
1782,1,1782,684,293,0,0,-10861056
1783,1,1783,684,293,0,0,-10463227
1784,1,1784,683,294,0.182,0.091,-11055613
1785,1,1785,683,294,0,0,-10860285
1786,1,1786,682,292,0.288,0.144,-10071290
1787,1,1787,682,293,-0.129,-0.064,-10858238
1788,1,1788,681,293,-0.129,-0.064,-9940471
1789,1,1789,681,293,0,0,-10792445
1790,1,1790,681,293,0,0,-10857723
1791,1,1791,681,293,0,0,-10924799
1792,1,1792,681,294,0.129,0.064,-11319038
1793,1,1793,681,294,0,0,-10335742
1794,1,1794,681,294,0,0,-11055102
1795,1,1795,681,294,0,0,-10596093
1796,1,1796,681,294,0,0,-10399485
1797,1,1797,681,294,0,0,-11055356
1798,1,1798,683,293,-0.288,-0.144,-10728958
1799,1,1799,683,291,-0.258,-0.129,-10464508
1800,1,1800,683,294,0.387,0.194,-11976192
1801,1,1801,683,294,0,0,-11186942
1802,1,1802,683,295,0.129,0.064,-11384319
1803,1,1803,683,295,0,0,-10991356
1804,1,1804,681,295,0.258,0.129,-10792443
1805,1,1805,681,295,0,0,-11186942
1806,1,1806,681,295,0,0,-11778048
1807,1,1807,681,295,0,0,-11384318
1808,1,1808,681,295,0,0,-11515904
1809,1,1809,681,295,0,0,-10793726
1810,1,1810,681,295,0,0,-11119868
1811,1,1811,681,295,0,0,-11253760
1812,1,1812,681,295,0,0,-11318784
1813,1,1813,681,295,0,0,-11383552
1814,1,1814,681,295,0,0,-11186688
1815,1,1815,681,295,0,0,-10662908
1816,1,1816,681,295,0,0,-10860797
1817,1,1817,681,295,0,0,-10663680
1818,1,1818,681,295,0,0,-10926077
1819,1,1819,681,295,0,0,-11319038
1820,1,1820,681,295,0,0,-11122174
1821,1,1821,681,295,0,0,-11250941
1822,1,1822,681,295,0,0,-10727931
1823,1,1823,681,295,0,0,-11580671
1824,1,1824,681,295,0,0,-11646976
1825,1,1825,681,295,0,0,-11317499
1826,1,1826,681,295,0,0,-10728448
1827,1,1827,681,295,0,0,-11121149
1828,1,1828,681,295,0,0,-11713280
1829,1,1829,681,295,0,0,-11188222
1830,1,1830,681,295,0,0,-10926080
1831,1,1831,681,295,0,0,-10530041
1832,1,1832,681,296,-0.129,-0.064,-11515647
1833,1,1833,681,296,0,0,-10727933
1834,1,1834,681,296,0,0,-11252735
1835,1,1835,681,296,0,0,-11319036
1836,1,1836,681,294,0.258,0.129,-10729212
1837,1,1837,681,294,0,0,-10007545
1838,1,1838,681,294,0,0,-11120636
1839,1,1839,681,294,0,0,-11318526
1840,1,1840,681,294,0,0,-10926588
1841,1,1841,681,294,0,0,-11383806
1842,1,1842,681,296,-0.258,-0.129,-11580670
1843,1,1843,681,296,0,0,-11254015
1844,1,1844,681,296,0,0,-11910912
1845,1,1845,681,297,-0.129,-0.064,-11121149
1846,1,1846,681,297,0,0,-11647232
1847,1,1847,681,297,0,0,-10532090
1848,1,1848,681,297,0,0,-10401276
1849,1,1849,681,297,0,0,-10727418
1850,1,1850,680,297,-0.129,-0.064,-11449085
1851,1,1851,680,297,0,0,-10992128
1852,1,1852,680,297,0,0,-10793472
1853,1,1853,680,297,0,0,-11647742
1854,1,1854,680,297,0,0,-10923516
1855,1,1855,680,297,0,0,-11647232
1856,1,1856,680,297,0,0,-11120895
1857,1,1857,680,297,0,0,-11055102
1858,1,1858,680,297,0,0,-11514877
1859,1,1859,680,297,0,0,-11316986
1860,1,1860,680,297,0,0,-11319036
1861,1,1861,680,297,0,0,-11058176
1862,1,1862,680,297,0,0,-11318015
1863,1,1863,680,297,0,0,-10923519
1864,1,1864,680,297,0,0,-11515904
1865,1,1865,680,297,0,0,-11055102
1866,1,1866,680,296,0.129,0.064,-10464507
1867,1,1867,680,294,0.258,0.129,-10662654
1868,1,1868,680,294,0,0,-10924799
1869,1,1869,680,294,0,0,-10531070
1870,1,1870,680,294,0,0,-10792959
1871,1,1871,680,294,0,0,-10663167
1872,1,1872,680,294,0,0,-11580671
1873,1,1873,680,294,0,0,-11186431
1874,1,1874,680,294,0,0,-10530554
1875,1,1875,680,294,0,0,-11055102
1876,1,1876,680,294,0,0,-10794494
1877,1,1877,680,294,0,0,-10530300
1878,1,1878,680,294,0,0,-10990590
1879,1,1879,680,294,0,0,-11318272
1880,1,1880,680,294,0,0,-10989311
1881,1,1881,680,294,0,0,-11122688
1882,1,1882,680,294,0,0,-10663680
1883,1,1883,680,294,0,0,-10333691
1884,1,1884,680,294,0,0,-10925824
1885,1,1885,680,294,0,0,-11056896
1886,1,1886,680,294,0,0,-10662140
1887,1,1887,680,294,0,0,-10793213
1888,1,1888,680,294,0,0,-10333692
1889,1,1889,680,293,0.129,0.064,-10725626
1890,1,1890,680,293,0,0,-10989309
1891,1,1891,680,293,0,0,-10268411
1892,1,1892,680,293,0,0,-10004726
1893,1,1893,680,293,0,0,-10071289
1894,1,1894,680,293,0,0,-10202105
1895,1,1895,680,294,-0.129,-0.064,-10531070
1896,1,1896,680,294,0,0,-11055102
1897,1,1897,680,294,0,0,-11647742
1898,1,1898,680,294,0,0,-10925310
1899,1,1899,680,294,0,0,-10794240
1900,1,1900,680,294,0,0,-10794240
1901,1,1901,680,294,0,0,-10858238
1902,1,1902,680,294,0,0,-10923518
1903,1,1903,680,294,0,0,-10923518
1904,1,1904,680,297,-0.387,-0.194,-10597372
1905,1,1905,679,297,-0.129,-0.064,-11383808
1906,1,1906,679,297,0,0,-10727420
1907,1,1907,679,297,0,0,-10990336
1908,1,1908,681,294,0.465,0.233,-11252222
1909,1,1909,681,293,0.129,0.064,-10857725
1910,1,1910,681,295,-0.258,-0.129,-10989820
1911,1,1911,680,296,-0.182,-0.091,-10728701
1912,1,1912,680,296,0,0,-10989820
1913,1,1913,681,295,-0.182,-0.091,-10663676
1914,1,1914,681,293,-0.258,-0.129,-10661887
1915,1,1915,681,293,0,0,-10530039
1916,1,1916,681,296,0.387,0.194,-11253760
1917,1,1917,681,297,0.129,0.064,-10598655
1918,1,1918,681,297,0,0,-10728448
1919,1,1919,681,297,0,0,-11450368
1920,1,1920,681,297,0,0,-10793213
1921,1,1921,683,297,0.258,0.129,-10793724
1922,1,1922,683,296,0.129,0.064,-11448832
1923,1,1923,683,296,0,0,-10924544
1924,1,1924,683,296,0,0,-10926078
1925,1,1925,683,296,0,0,-10599166
1926,1,1926,683,296,0,0,-11909120
1927,1,1927,683,296,0,0,-10662908
1928,1,1928,683,296,0,0,-11187453
1929,1,1929,681,296,0.258,0.129,-11974144
1930,1,1930,681,296,0,0,-10400506
1931,1,1931,681,296,0,0,-11319039
1932,1,1932,684,294,-0.465,-0.233,-10596093
1933,1,1933,684,293,-0.129,-0.064,-10530554
1934,1,1934,684,293,0,0,-11252480
1935,1,1935,684,293,0,0,-11054845
1936,1,1936,685,292,-0.182,-0.091,-10595581
1937,1,1937,685,292,0,0,-10726139
1938,1,1938,684,292,0.129,0.064,-10924031
1939,1,1939,684,292,0,0,-10923519
1940,1,1940,684,292,0,0,-10202105
1941,1,1941,684,292,0,0,-10137085
1942,1,1942,684,292,0,0,-10072060
1943,1,1943,684,292,0,0,-11252480
1944,1,1944,684,292,0,0,-11252224
1945,1,1945,684,292,0,0,-11122688
1946,1,1946,684,292,0,0,-10728960
1947,1,1947,683,294,0.288,0.144,-11779584
1948,1,1948,683,294,0,0,-11583232
1949,1,1949,683,294,0,0,-11517184
1950,1,1950,683,294,0,0,-11450624
1951,1,1951,683,294,0,0,-11055102
1952,1,1952,683,294,0,0,-12435712
1953,1,1953,683,294,0,0,-10335483
1954,1,1954,683,294,0,0,-10857725
1955,1,1955,683,294,0,0,-11844608
1956,1,1956,683,294,0,0,-11646976
1957,1,1957,683,294,0,0,-11514878
1958,1,1958,683,294,0,0,-11384320
1959,1,1959,684,294,0.129,0.064,-11185663
1960,1,1960,684,294,0,0,-10989312
1961,1,1961,684,294,0,0,-10663419
1962,1,1962,685,294,0.129,0.064,-10005496
1963,1,1963,685,294,0,0,-10463994
1964,1,1964,685,294,0,0,-10987772
1965,1,1965,685,294,0,0,-10463995
1966,1,1966,685,294,0,0,-11252222
1967,1,1967,685,295,0.129,0.064,-10792445
1968,1,1968,685,295,0,0,-10988029
1969,1,1969,685,296,0.129,0.064,-10923005
1970,1,1970,685,294,-0.258,-0.129,-10004727
1971,1,1971,685,294,0,0,-10726397
1972,1,1972,685,294,0,0,-10530301
1973,1,1973,685,294,0,0,-10463994
1974,1,1974,685,294,0,0,-11513599
1975,1,1975,685,294,0,0,-10201589
1976,1,1976,685,294,0,0,-10463229
1977,1,1977,684,294,-0.129,-0.064,-10923518
1978,1,1978,681,293,-0.408,-0.204,-10400254
1979,1,1979,681,292,-0.129,-0.064,-10989311
1980,1,1980,681,292,0,0,-10989820
1981,1,1981,681,292,0,0,-11055104
1982,1,1982,681,293,0.129,0.064,-10004473
1983,1,1983,683,293,0.258,0.129,-10924797
1984,1,1984,683,293,0,0,-10991870
1985,1,1985,683,293,0,0,-10794751
1986,1,1986,683,293,0,0,-10991103
1987,1,1987,683,293,0,0,-10661627
1988,1,1988,683,293,0,0,-10859519
1989,1,1989,683,293,0,0,-10729472
1990,1,1990,684,293,0.129,0.064,-11317760
1991,1,1991,684,293,0,0,-10989822
1992,1,1992,683,296,-0.408,-0.204,-10728447
1993,1,1993,682,296,-0.129,-0.064,-11318268
1994,1,1994,684,296,0.258,0.129,-10595580
1995,1,1995,684,294,0.258,0.129,-11053822
1996,1,1996,684,294,0,0,-11447039
1997,1,1997,682,293,0.288,0.144,-10728701
1998,1,1998,681,293,0.129,0.064,-10989311
1999,1,1999,681,293,0,0,-11055104
2000,1,2000,681,293,0,0,-10268669
2001,1,2001,681,293,0,0,-10401022
2002,1,2002,681,293,0,0,-10991104
2003,1,2003,681,293,0,0,-10792190
2004,1,2004,681,293,0,0,-10924799
2005,1,2005,681,293,0,0,-10531068
2006,1,2006,681,293,0,0,-11385344
2007,1,2007,681,293,0,0,-10268411
2008,1,2008,681,293,0,0,-10989822
2009,1,2009,681,293,0,0,-11450112
2010,1,2010,681,293,0,0,-10661373
2011,1,2011,681,293,0,0,-10792445
2012,1,2012,681,293,0,0,-11187967
2013,1,2013,681,293,0,0,-10596864
2014,1,2014,681,293,0,0,-10661886
2015,1,2015,681,293,0,0,-10859264
2016,1,2016,681,293,0,0,-10989822
2017,1,2017,681,293,0,0,-10399485
2018,1,2018,681,293,0,0,-10465535
2019,1,2019,681,293,0,0,-10660093
2020,1,2020,681,293,0,0,-11318784
2021,1,2021,680,293,0.129,0.064,-9872887
2022,1,2022,680,293,0,0,-11055104
2023,1,2023,680,293,0,0,-10987772
2024,1,2024,680,292,0.129,0.064,-10662140
2025,1,2025,680,292,0,0,-10792443
2026,1,2026,680,292,0,0,-10267899
2027,1,2027,680,292,0,0,-10463994
2028,1,2028,680,292,0,0,-10924029
2029,1,2029,680,292,0,0,-10466301
2030,1,2030,680,292,0,0,-10728701
2031,1,2031,679,292,0.129,0.064,-10004986
2032,1,2032,678,292,0.129,0.064,-11053824
2033,1,2033,679,291,-0.182,-0.091,-9677301
2034,1,2034,681,291,-0.258,-0.129,-10530301
2035,1,2035,682,290,-0.182,-0.091,-10201852
2036,1,2036,682,290,0,0,-9479922
2037,1,2037,682,290,0,0,-10136572
2038,1,2038,682,291,0.129,0.064,-10004473
2039,1,2039,682,294,0.387,0.194,-10727418
2040,1,2040,682,294,0,0,-11252480
2041,1,2041,681,294,0.129,0.064,-10268661
2042,1,2042,680,294,0.129,0.064,-11252224
2043,1,2043,679,294,0.129,0.064,-10857983
2044,1,2044,678,293,0.182,0.091,-10398204
2045,1,2045,678,291,0.258,0.129,-10594813
2046,1,2046,680,290,0.288,0.144,-10135029
2047,1,2047,680,290,0,0,-10331641
2048,1,2048,681,290,0.129,0.064,-9743092
2049,1,2049,681,291,0.129,0.064,-9414387
2050,1,2050,682,292,0.182,0.091,-10596861
2051,1,2051,682,292,0,0,-10399997
2052,1,2052,682,292,0,0,-10924029
2053,1,2053,682,292,0,0,-10795776
2054,1,2054,681,292,-0.129,-0.064,-10398715
2055,1,2055,681,290,-0.258,-0.129,-10858238
2056,1,2056,681,289,-0.129,-0.064,-9479153
2057,1,2057,682,289,-0.129,-0.064,-9348336
2058,1,2058,682,289,0,0,-9281776
2059,1,2059,682,289,0,0,-9217778
2060,1,2060,682,289,0,0,-9085422
2061,1,2061,682,290,-0.129,-0.064,-10072060
2062,1,2062,682,291,-0.129,-0.064,-9873910
2063,1,2063,681,291,-0.129,-0.064,-10530301
2064,1,2064,680,291,-0.129,-0.064,-10529787
2065,1,2065,681,290,0.182,0.091,-10202106
2066,1,2066,681,290,0,0,-10595840
2067,1,2067,681,290,0,0,-10333438
2068,1,2068,683,289,0.288,0.144,-9872887
2069,1,2069,683,290,-0.129,-0.064,-10071038
2070,1,2070,683,290,0,0,-10004984
2071,1,2071,683,290,0,0,-10530300
2072,1,2072,684,290,-0.129,-0.064,-9938934
2073,1,2073,684,290,0,0,-9677302
2074,1,2074,684,290,0,0,-11053822
2075,1,2075,684,290,0,0,-10398202
2076,1,2076,683,290,0.129,0.064,-10991104
2077,1,2077,682,291,0.182,0.091,-10662654
2078,1,2078,682,291,0,0,-10596094
2079,1,2079,682,291,0,0,-10202875
2080,1,2080,682,290,-0.129,-0.064,-10070266
2081,1,2081,682,291,0.129,0.064,-10202106
2082,1,2082,682,290,-0.129,-0.064,-10267898
2083,1,2083,681,290,-0.129,-0.064,-10201082
2084,1,2084,680,290,-0.129,-0.064,-10923518
2085,1,2085,680,290,0,0,-10200571
2086,1,2086,680,290,0,0,-9807348
2087,1,2087,681,291,0.182,0.091,-10267898
2088,1,2088,681,291,0,0,-9808887
2089,1,2089,682,291,0.129,0.064,-10069750
2090,1,2090,682,291,0,0,-9743607
2091,1,2091,682,291,0,0,-10202105
2092,1,2092,682,291,0,0,-9940474
2093,1,2093,682,293,0.258,0.129,-10531068
2094,1,2094,682,293,0,0,-10989309
2095,1,2095,682,293,0,0,-10268409
2096,1,2096,682,293,0,0,-10924031
2097,1,2097,682,294,0.129,0.064,-10661625
2098,1,2098,682,294,0,0,-11318525
2099,1,2099,682,294,0,0,-11909120
2100,1,2100,682,294,0,0,-11647232
2101,1,2101,682,294,0,0,-11187453
2102,1,2102,682,294,0,0,-11055102
2103,1,2103,682,294,0,0,-11451904
2104,1,2104,682,294,0,0,-11055867
2105,1,2105,682,294,0,0,-11252733
2106,1,2106,682,294,0,0,-11714048
2107,1,2107,682,294,0,0,-11976448
2108,1,2108,682,294,0,0,-11383292
2109,1,2109,682,294,0,0,-11317499
2110,1,2110,682,294,0,0,-10861824
2111,1,2111,682,294,0,0,-11581184
2112,1,2112,682,294,0,0,-11253760
2113,1,2113,682,294,0,0,-11119868
2114,1,2114,682,294,0,0,-10924281
2115,1,2115,682,294,0,0,-10925310
2116,1,2116,682,294,0,0,-11186429
2117,1,2117,682,294,0,0,-11121149
2118,1,2118,682,294,0,0,-11712256
2119,1,2119,682,294,0,0,-11516158
2120,1,2120,682,294,0,0,-11581184
2121,1,2121,682,294,0,0,-11122176
2122,1,2122,682,294,0,0,-11318525
2123,1,2123,682,295,0.129,0.064,-11122942
2124,1,2124,683,295,0.129,0.064,-10597113
2125,1,2125,681,295,-0.258,-0.129,-10268156
2126,1,2126,682,293,0.288,0.144,-10924027
2127,1,2127,682,293,0,0,-11121660
2128,1,2128,681,293,-0.129,-0.064,-10072059
2129,1,2129,680,293,-0.129,-0.064,-10332922
2130,1,2130,680,293,0,0,-9939446
2131,1,2131,680,293,0,0,-10792445
2132,1,2132,680,293,0,0,-10922491
2133,1,2133,680,293,0,0,-10332411
2134,1,2134,680,293,0,0,-10464507
2135,1,2135,680,293,0,0,-10857725
2136,1,2136,680,293,0,0,-10202106
2137,1,2137,680,293,0,0,-11189248
2138,1,2138,680,293,0,0,-10070520
2139,1,2139,680,293,0,0,-10201082
2140,1,2140,680,293,0,0,-10070266
2141,1,2141,680,293,0,0,-11578879
2142,1,2142,680,293,0,0,-10596093
2143,1,2143,680,293,0,0,-10790652
2144,1,2144,680,293,0,0,-11448832
2145,1,2145,680,293,0,0,-10398461
2146,1,2146,680,293,0,0,-9873653
2147,1,2147,680,293,0,0,-10005499
2148,1,2148,680,293,0,0,-10529790
2149,1,2149,680,293,0,0,-11316218
2150,1,2150,680,293,0,0,-10004475
2151,1,2151,679,293,0.129,0.064,-10398204
2152,1,2152,678,294,0.182,0.091,-10857725
2153,1,2153,678,294,0,0,-11054592
2154,1,2154,678,294,0,0,-10463995
2155,1,2155,678,294,0,0,-10333692
2156,1,2156,680,292,0.365,0.182,-10200825
2157,1,2157,680,291,0.129,0.064,-10201336
2158,1,2158,679,291,0.129,0.064,-9741555
2159,1,2159,678,291,0.129,0.064,-10465790
2160,1,2160,679,291,-0.129,-0.064,-10266101
2161,1,2161,680,290,-0.182,-0.091,-10530300
2162,1,2162,680,290,0,0,-10203129
2163,1,2163,678,292,0.365,0.182,-10202106
2164,1,2164,678,293,0.129,0.064,-10200822
2165,1,2165,678,293,0,0,-10922238
2166,1,2166,678,293,0,0,-10398461
2167,1,2167,678,293,0,0,-10200825
2168,1,2168,678,293,0,0,-10201084
2169,1,2169,678,293,0,0,-9872889
2170,1,2170,678,293,0,0,-10988800
2171,1,2171,678,293,0,0,-10463994
2172,1,2172,678,293,0,0,-10464254
2173,1,2173,678,293,0,0,-10331641
2174,1,2174,678,293,0,0,-10660606
2175,1,2175,678,293,0,0,-10201336
2176,1,2176,680,293,0.258,0.129,-10136312
2177,1,2177,680,293,0,0,-11252992
2178,1,2178,680,293,0,0,-10727420
2179,1,2179,680,293,0,0,-10071289