Application: Tecan i-control,,,,"Tecan i-control , 1.10.4.0",,,,,,,,,,,,,,,,,,,,,,,,,,,,,,,,,,,,,,,,,,,,,,,,,,,,,,,,,,,,,,,,,,,,,,,,,,,,,,,,,,,,,,,,,,,,,,,,
Device: infinite 200Pro,,,,Serial number: 1007002018,,,,Serial number of connected stacker:,,,,,,,,,,,,,,,,,,,,,,,,,,,,,,,,,,,,,,,,,,,,,,,,,,,,,,,,,,,,,,,,,,,,,,,,,,,,,,,,,,,,,,,,,,,,
Firmware: V_3.14_03/10_InfiniTe (Apr 26 2010/11.18.37),,,,"MAI, V_3.14_03/10_InfiniTe (Apr 26 2010/11.18.37)",,,,,,,,,,,,,,,,,,,,,,,,,,,,,,,,,,,,,,,,,,,,,,,,,,,,,,,,,,,,,,,,,,,,,,,,,,,,,,,,,,,,,,,,,,,,,,,,
,,,,,,,,,,,,,,,,,,,,,,,,,,,,,,,,,,,,,,,,,,,,,,,,,,,,,,,,,,,,,,,,,,,,,,,,,,,,,,,,,,,,,,,,,,,,,,,,,,,,
Date:,2/9/2017,,,,,,,,,,,,,,,,,,,,,,,,,,,,,,,,,,,,,,,,,,,,,,,,,,,,,,,,,,,,,,,,,,,,,,,,,,,,,,,,,,,,,,,,,,,,,,,,,,,
Time:,10:18:58 PM,,,,,,,,,,,,,,,,,,,,,,,,,,,,,,,,,,,,,,,,,,,,,,,,,,,,,,,,,,,,,,,,,,,,,,,,,,,,,,,,,,,,,,,,,,,,,,,,,,,
,,,,,,,,,,,,,,,,,,,,,,,,,,,,,,,,,,,,,,,,,,,,,,,,,,,,,,,,,,,,,,,,,,,,,,,,,,,,,,,,,,,,,,,,,,,,,,,,,,,,
,,,,,,,,,,,,,,,,,,,,,,,,,,,,,,,,,,,,,,,,,,,,,,,,,,,,,,,,,,,,,,,,,,,,,,,,,,,,,,,,,,,,,,,,,,,,,,,,,,,,
System,,,,RADMAN-MARJORIE,,,,,,,,,,,,,,,,,,,,,,,,,,,,,,,,,,,,,,,,,,,,,,,,,,,,,,,,,,,,,,,,,,,,,,,,,,,,,,,,,,,,,,,,,,,,,,,,
User,,,,RADMAN-MARJORIE\Marjorie,,,,,,,,,,,,,,,,,,,,,,,,,,,,,,,,,,,,,,,,,,,,,,,,,,,,,,,,,,,,,,,,,,,,,,,,,,,,,,,,,,,,,,,,,,,,,,,,
Plate,,,,Greiner 96 U Bottom Transparent Polystyrol  [GRE96ut.pdfx],,,,,,,,,,,,,,,,,,,,,,,,,,,,,,,,,,,,,,,,,,,,,,,,,,,,,,,,,,,,,,,,,,,,,,,,,,,,,,,,,,,,,,,,,,,,,,,,
Plate-ID (Stacker),,,,,,,,,,,,,,,,,,,,,,,,,,,,,,,,,,,,,,,,,,,,,,,,,,,,,,,,,,,,,,,,,,,,,,,,,,,,,,,,,,,,,,,,,,,,,,,,,,,,
,,,,,,,,,,,,,,,,,,,,,,,,,,,,,,,,,,,,,,,,,,,,,,,,,,,,,,,,,,,,,,,,,,,,,,,,,,,,,,,,,,,,,,,,,,,,,,,,,,,,
Wait (Plate),,,,On,Target Temperature: 37 °C,,,,,,,,,,,,,,,,,,,,,,,,,,,,,,,,,,,,,,,,,,,,,,,,,,,,,,,,,,,,,,,,,,,,,,,,,,,,,,,,,,,,,,,,,,,,,,,
,,,,,,,,,,,,,,,,,,,,,,,,,,,,,,,,,,,,,,,,,,,,,,,,,,,,,,,,,,,,,,,,,,,,,,,,,,,,,,,,,,,,,,,,,,,,,,,,,,,,
List of actions in this measurement script:,,,,,,,,,,,,,,,,,,,,,,,,,,,,,,,,,,,,,,,,,,,,,,,,,,,,,,,,,,,,,,,,,,,,,,,,,,,,,,,,,,,,,,,,,,,,,,,,,,,,
Kinetic,,,,,,,,,,,,,,,,,,,,,,,,,,,,,,,,,,,,,,,,,,,,,,,,,,,,,,,,,,,,,,,,,,,,,,,,,,,,,,,,,,,,,,,,,,,,,,,,,,,,
Shaking (Orbital) Duration:,,,,900,s,,,,,,,,,,,,,,,,,,,,,,,,,,,,,,,,,,,,,,,,,,,,,,,,,,,,,,,,,,,,,,,,,,,,,,,,,,,,,,,,,,,,,,,,,,,,,,,
Shaking (Orbital) Amplitude:,,,,4,mm,,,,,,,,,,,,,,,,,,,,,,,,,,,,,,,,,,,,,,,,,,,,,,,,,,,,,,,,,,,,,,,,,,,,,,,,,,,,,,,,,,,,,,,,,,,,,,,
Absorbance,,,,,,,,,,,,,,,,,,,,,,,,,,,,,,,,,,,,,,,,,,,,,,,,,,,,,,,,,,,,,,,,,,,,,,,,,,,,,,,,,,,,,,,,,,,,,,,,,,,,
,,,,,,,,,,,,,,,,,,,,,,,,,,,,,,,,,,,,,,,,,,,,,,,,,,,,,,,,,,,,,,,,,,,,,,,,,,,,,,,,,,,,,,,,,,,,,,,,,,,,
,,,,,,,,,,,,,,,,,,,,,,,,,,,,,,,,,,,,,,,,,,,,,,,,,,,,,,,,,,,,,,,,,,,,,,,,,,,,,,,,,,,,,,,,,,,,,,,,,,,,
Label: Label1,,,,,,,,,,,,,,,,,,,,,,,,,,,,,,,,,,,,,,,,,,,,,,,,,,,,,,,,,,,,,,,,,,,,,,,,,,,,,,,,,,,,,,,,,,,,,,,,,,,,
Kinetic Measurement,,,,,,,,,,,,,,,,,,,,,,,,,,,,,,,,,,,,,,,,,,,,,,,,,,,,,,,,,,,,,,,,,,,,,,,,,,,,,,,,,,,,,,,,,,,,,,,,,,,,
Kinetic Cycles,,,,100,,,,,,,,,,,,,,,,,,,,,,,,,,,,,,,,,,,,,,,,,,,,,,,,,,,,,,,,,,,,,,,,,,,,,,,,,,,,,,,,,,,,,,,,,,,,,,,,
Interval Time,,,,Minimal,,,,,,,,,,,,,,,,,,,,,,,,,,,,,,,,,,,,,,,,,,,,,,,,,,,,,,,,,,,,,,,,,,,,,,,,,,,,,,,,,,,,,,,,,,,,,,,,
Mode,,,,Absorbance,,,,,,,,,,,,,,,,,,,,,,,,,,,,,,,,,,,,,,,,,,,,,,,,,,,,,,,,,,,,,,,,,,,,,,,,,,,,,,,,,,,,,,,,,,,,,,,,
Wavelength,,,,600,nm,,,,,,,,,,,,,,,,,,,,,,,,,,,,,,,,,,,,,,,,,,,,,,,,,,,,,,,,,,,,,,,,,,,,,,,,,,,,,,,,,,,,,,,,,,,,,,,
Bandwidth,,,,9,nm,,,,,,,,,,,,,,,,,,,,,,,,,,,,,,,,,,,,,,,,,,,,,,,,,,,,,,,,,,,,,,,,,,,,,,,,,,,,,,,,,,,,,,,,,,,,,,,
Number of Flashes,,,,5,,,,,,,,,,,,,,,,,,,,,,,,,,,,,,,,,,,,,,,,,,,,,,,,,,,,,,,,,,,,,,,,,,,,,,,,,,,,,,,,,,,,,,,,,,,,,,,,
Settle Time,,,,0,ms,,,,,,,,,,,,,,,,,,,,,,,,,,,,,,,,,,,,,,,,,,,,,,,,,,,,,,,,,,,,,,,,,,,,,,,,,,,,,,,,,,,,,,,,,,,,,,,
Part of Plate,,,,A1-C12,,,,,,,,,,,,,,,,,,,,,,,,,,,,,,,,,,,,,,,,,,,,,,,,,,,,,,,,,,,,,,,,,,,,,,,,,,,,,,,,,,,,,,,,,,,,,,,,
Start Time:,2/9/2017 10:18:59 PM,,,,,,,,,,,,,,,,,,,,,,,,,,,,,,,,,,,,,,,,,,,,,,,,,,,,,,,,,,,,,,,,,,,,,,,,,,,,,,,,,,,,,,,,,,,,,,,,,,,
,,,,,,,,,,,,,,,,,,,,,,,,,,,,,,,,,,,,,,,,,,,,,,,,,,,,,,,,,,,,,,,,,,,,,,,,,,,,,,,,,,,,,,,,,,,,,,,,,,,,
,,,,,,,,,,,,,,,,,,,,,,,,,,,,,,,,,,,,,,,,,,,,,,,,,,,,,,,,,,,,,,,,,,,,,,,,,,,,,,,,,,,,,,,,,,,,,,,,,,,,
Cycle Nr.,1,2,3,4,5,6,7,8,9,10,11,12,13,14,15,16,17,18,19,20,21,22,23,24,25,26,27,28,29,30,31,32,33,34,35,36,37,38,39,40,41,42,43,44,45,46,47,48,49,50,51,52,53,54,55,56,57,58,59,60,61,62,63,64,65,66,67,68,69,70,71,72,73,74,75,76,77,78,79,80,81,82,83,84,85,86,87,88,89,90,91,92,93,94,95,96,97,98,99,100
Time [s],0,913.5,1827,2740.5,3654,4567.5,5481,6394.5,7308,8221.5,9135,10048.6,10962.1,11875.6,12789.1,13702.6,14616.1,15529.6,16443.1,17356.6,18270.1,19183.6,20097.1,21010.6,21924.1,22837.6,23751.1,24664.6,25578.1,26491.6,27405.1,28318.6,29232.1,30145.6,31059.1,31972.6,32886.1,33799.6,34713.1,35627.1,36540.6,37454.1,38367.6,39281.1,40194.6,,,,,,,,,,,,,,,,,,,,,,,,,,,,,,,,,,,,,,,,,,,,,,,,,,,,,,,
Temp. [°C],23.3,37.1,36.9,36.9,37.1,37,37,36.9,37.2,36.9,37.1,36.9,37,37.1,37.1,36.9,36.9,36.8,36.9,37.1,36.9,37.1,37.3,36.8,37,37.1,37,37.1,37.1,37,37,37.1,36.9,36.9,37,37,36.9,37.2,37,37.2,37.1,37,36.9,37.3,37,,,,,,,,,,,,,,,,,,,,,,,,,,,,,,,,,,,,,,,,,,,,,,,,,,,,,,,
A1,1.58099997,1.597499967,1.587900043,1.580199957,1.586799979,1.558899999,1.577399969,1.570799947,1.559299946,1.560799956,1.562299967,1.554399967,1.551599979,1.543499947,1.518300056,1.514500022,1.523599982,1.523800015,1.515900016,1.51730001,1.484799981,1.506700039,1.504199982,1.486099958,1.490200043,1.452700019,1.461899996,1.453199983,1.458600044,1.476400018,1.45480001,1.468199968,1.437299967,1.407099962,1.406100035,1.410099983,1.416000009,1.415300012,1.407600045,1.362100005,1.35010004,1.382500052,1.341899991,1.324699998,1.373299956,,,,,,,,,,,,,,,,,,,,,,,,,,,,,,,,,,,,,,,,,,,,,,,,,,,,,,,
A2,1.700700045,1.698699951,1.686800003,1.685199976,1.68809998,1.656999946,1.658200026,1.659800053,1.651000023,1.647699952,1.638299942,1.631199956,1.635200024,1.633599997,1.643599987,1.629199982,1.61740005,1.614300013,1.61650002,1.603999972,1.603500009,1.603099942,1.594099998,1.599799991,1.584499955,1.584800005,1.575999975,1.570600033,1.56400001,1.549499989,1.55490005,1.541399956,1.544199944,1.537799954,1.528399944,1.531900048,1.519899964,1.516000032,1.507699966,1.49940002,1.493100047,1.49940002,1.48300004,1.485299945,1.472800016,,,,,,,,,,,,,,,,,,,,,,,,,,,,,,,,,,,,,,,,,,,,,,,,,,,,,,,
A3,1.675999999,1.672099948,1.675500035,1.669399977,1.670799971,1.667899966,1.667299986,1.664199948,1.661499977,1.65929997,1.654399991,1.650900006,1.651299953,1.646199942,1.64349997,1.64199996,1.643100023,1.629999995,1.623000026,1.629899979,1.623700023,1.625100017,1.618800044,1.605000019,1.599900007,1.594099998,1.593500018,1.588700056,1.582900047,1.580500007,1.57130003,1.570700049,1.565600038,1.566300035,1.561300039,1.559200048,1.554399967,1.541800022,1.542700052,1.532600045,1.523200035,1.528599977,1.515400052,1.509299994,1.507400036,,,,,,,,,,,,,,,,,,,,,,,,,,,,,,,,,,,,,,,,,,,,,,,,,,,,,,,
A4,0.09390000254,0.0923999995,0.09309999645,0.09329999983,0.09340000153,0.09309999645,0.09309999645,0.09340000153,0.09309999645,0.09300000221,0.09269999713,0.09319999814,0.09319999814,0.09340000153,0.09350000322,0.09340000153,0.09350000322,0.09340000153,0.09340000153,0.09329999983,0.09499999881,0.09350000322,0.09350000322,0.09369999915,0.09380000085,0.09279999882,0.09390000254,0.09399999678,0.09399999678,0.09399999678,0.09409999847,0.09399999678,0.09390000254,0.09409999847,0.09409999847,0.09399999678,0.09430000186,0.09409999847,0.09420000017,0.09420000017,0.09430000186,0.09449999779,0.09449999779,0.09459999949,0.09449999779,,,,,,,,,,,,,,,,,,,,,,,,,,,,,,,,,,,,,,,,,,,,,,,,,,,,,,,
A5,0.3601999879,0.3598999977,0.3657000065,0.3684999943,0.3720000088,0.3725999892,0.375,0.3758000135,0.3795000017,0.3786999881,0.3788000047,0.381099999,0.3831999898,0.3831999898,0.3837000132,0.3824000061,0.3844999969,0.3837000132,0.3840000033,0.3860000074,0.389200002,0.389200002,0.3864000142,0.3907999992,0.3889999986,0.3883000016,0.391200006,0.3903999925,0.3903000057,0.3892999887,0.3910000026,0.3930000067,0.3916999996,0.3923999965,0.3923000097,0.3959000111,0.3950000107,0.3948000073,0.3952000141,0.3984999955,0.3955000043,0.3953000009,0.396299988,0.3964000046,0.399300009,,,,,,,,,,,,,,,,,,,,,,,,,,,,,,,,,,,,,,,,,,,,,,,,,,,,,,,
A6,0.3731000125,0.3734000027,0.3792000115,0.3826999962,0.3851999938,0.3880999982,0.393599987,0.3923999965,0.3980999887,0.3970000148,0.3966999948,0.4016000032,0.4032999873,0.4041000009,0.4038000107,0.4065000117,0.4056999981,0.4072000086,0.4074999988,0.4052000046,0.4086000025,0.4093999863,0.4050000012,0.4072999954,0.4070000052,0.4065000117,0.4072999954,0.41049999,0.4083999991,0.4097000062,0.4106999934,0.4124000072,0.4095000029,0.4106999934,0.4169000089,0.407099992,0.4126000106,0.4106999934,0.4113000035,0.425999999,0.4131000042,0.4156999886,0.415899992,0.4171000123,0.4165999889,,,,,,,,,,,,,,,,,,,,,,,,,,,,,,,,,,,,,,,,,,,,,,,,,,,,,,,
A7,0.9648000002,0.9487000108,0.9623000026,0.9815999866,1.022699952,1.077499986,1.18659997,1.323600054,1.362900019,1.333299994,1.301699996,1.279099941,1.233500004,1.175500035,1.225900054,1.261600018,1.228399992,1.271600008,1.325199962,1.360200047,1.355499983,1.42869997,1.349699974,1.32280004,1.310600042,1.317899942,1.29489994,1.309999943,1.320000052,1.299299955,1.287099957,1.299900055,1.287199974,1.29460001,1.314200044,1.305099964,1.316100001,1.279700041,1.291499972,1.32249999,1.307899952,1.328999996,1.323699951,1.296000004,1.332800031,,,,,,,,,,,,,,,,,,,,,,,,,,,,,,,,,,,,,,,,,,,,,,,,,,,,,,,
A8,1.255900025,1.283100009,1.204300046,1.208899975,1.159199953,1.163800001,1.286800027,1.307500005,1.381199956,1.430099964,1.480999947,1.423900008,1.531999946,1.575799942,1.553200006,1.600800037,1.513499975,1.662700057,1.633999944,1.692800045,1.705000043,1.573199987,1.534800053,1.567000031,1.57889998,1.599799991,1.603600025,1.60010004,1.585100055,1.594099998,1.590800047,1.563899994,1.601600051,1.587499976,1.599099994,1.554100037,1.60800004,1.595100045,1.574599981,1.603999972,1.601600051,1.589100003,1.5546,1.563300014,1.607200027,,,,,,,,,,,,,,,,,,,,,,,,,,,,,,,,,,,,,,,,,,,,,,,,,,,,,,,
A9,0.8956999779,0.9136999846,0.9370999932,0.9304999709,0.9562000036,0.9958999753,1.021800041,1.072600007,1.082800031,1.094099998,1.156599998,1.137400031,1.188799977,1.175500035,1.197299957,1.234799981,1.234599948,1.233500004,1.202100039,1.267699957,1.290699959,1.313199997,1.304800034,1.32009995,1.319000006,1.306200027,1.298799992,1.254199982,1.261500001,1.268100023,1.280400038,1.334900022,1.265599966,1.305500031,1.369099975,1.327200055,1.281399965,1.303300023,1.349799991,1.336099982,1.327000022,1.320899963,1.311800003,1.324599981,1.331599951,,,,,,,,,,,,,,,,,,,,,,,,,,,,,,,,,,,,,,,,,,,,,,,,,,,,,,,
A10,1.381899953,1.438699961,1.454200029,1.461400032,1.473899961,1.488199949,1.485399961,1.494799972,1.496099949,1.498100042,1.508000016,1.498800039,1.509899974,1.50030005,1.499300003,1.510900021,1.50849998,1.506999969,1.497599959,1.513599992,1.511999965,1.512300014,1.508900046,1.506800056,1.50940001,1.503700018,1.506800056,1.516800046,1.511600018,1.510400057,1.511000037,1.505800009,1.507699966,1.505200028,1.511899948,1.51699996,1.513000011,1.506199956,1.510800004,1.512699962,1.51639998,1.515799999,1.510100007,1.506600022,1.512699962,,,,,,,,,,,,,,,,,,,,,,,,,,,,,,,,,,,,,,,,,,,,,,,,,,,,,,,
A11,1.140599966,1.202299953,1.247599959,1.301200032,1.343999982,1.368700027,1.377200007,1.406800032,1.407199979,1.416599989,1.425699949,1.435500026,1.436200023,1.43659997,1.449900031,1.452600002,1.451400042,1.460600019,1.432999969,1.456799984,1.459300041,1.460999966,1.457599998,1.466500044,1.433200002,1.463700056,1.48179996,1.455600023,1.472900033,1.475000024,1.458600044,1.469499946,1.456900001,1.470499992,1.457900047,1.482800007,1.480999947,1.466599941,1.483500004,1.487400055,1.484599948,1.497099996,1.475200057,1.479699969,1.487499952,,,,,,,,,,,,,,,,,,,,,,,,,,,,,,,,,,,,,,,,,,,,,,,,,,,,,,,
A12,1.121799946,1.147300005,1.166399956,1.187600017,1.199200034,1.231699944,1.248700023,1.264899969,1.282999992,1.284700036,1.307700038,1.304299951,1.357300043,1.353500009,1.345100045,1.403100014,1.379899979,1.43599999,1.420300007,1.475600004,1.432100058,1.446799994,1.458899975,1.466799974,1.474900007,1.426699996,1.424999952,1.484599948,1.43659997,1.465399981,1.462499976,1.457599998,1.465199947,1.470600009,1.447700024,1.486999989,1.510400057,1.477200031,1.49119997,1.512199998,1.498000026,1.498800039,1.484500051,1.469900012,1.484599948,,,,,,,,,,,,,,,,,,,,,,,,,,,,,,,,,,,,,,,,,,,,,,,,,,,,,,,
B1,0.5723999739,0.5670999885,0.5626000166,0.5527999997,0.5490999818,0.5400000215,0.5368000269,0.5310000181,0.5120999813,0.5181000233,0.5042999983,0.4984000027,0.502300024,0.4954999983,0.5008000135,0.4925999939,0.4918000102,0.4916999936,0.4896999896,0.4918000102,0.4875000119,0.4880000055,0.5005000234,0.483099997,0.4824999869,0.4726999998,0.4677000046,0.4600000083,0.4600000083,0.4580999911,0.4519000053,0.4684000015,0.4503000081,0.4481000006,0.4469000101,0.4490999877,0.4465999901,0.4406000078,0.4422000051,0.4397999942,0.456400007,0.4404999912,0.4348999858,0.4384000003,0.4352999926,,,,,,,,,,,,,,,,,,,,,,,,,,,,,,,,,,,,,,,,,,,,,,,,,,,,,,,
B2,0.1389999986,0.1356000006,0.1361999959,0.1351000071,0.1342999935,0.1342999935,0.1333999932,0.1336999983,0.1330000013,0.1328999996,0.1322000027,0.1324999928,0.1327999979,0.131400004,0.1323000044,0.1318999976,0.1315000057,0.1347000003,0.1324999928,0.132100001,0.1335999966,0.1318999976,0.132100001,0.1309999973,0.134100005,0.1316000074,0.1317999959,0.135800004,0.131400004,0.131400004,0.1322000027,0.1352999955,0.1299999952,0.1307000071,0.1301999986,0.1300999969,0.130400002,0.1298999935,0.1307999939,0.1307000071,0.131099999,0.1303000003,0.130400002,0.1307000071,0.1297000051,,,,,,,,,,,,,,,,,,,,,,,,,,,,,,,,,,,,,,,,,,,,,,,,,,,,,,,
B3,0.08659999818,0.08470000327,0.08590000123,0.08550000191,0.08630000055,0.08540000021,0.08550000191,0.08579999954,0.08540000021,0.08569999784,0.0856000036,0.08550000191,0.08519999683,0.08590000123,0.08590000123,0.08550000191,0.08600000292,0.08479999751,0.08519999683,0.08600000292,0.08649999648,0.08640000224,0.08669999987,0.08720000088,0.08720000088,0.08619999886,0.08739999682,0.0869999975,0.08739999682,0.08789999783,0.08739999682,0.0876000002,0.08720000088,0.0869999975,0.08739999682,0.0877000019,0.08799999952,0.08810000122,0.08820000291,0.08829999715,0.08860000223,0.08919999748,0.08959999681,0.09049999714,0.09049999714,,,,,,,,,,,,,,,,,,,,,,,,,,,,,,,,,,,,,,,,,,,,,,,,,,,,,,,
B4,0.08950000256,0.08799999952,0.08940000087,0.08980000019,0.09009999782,0.08990000188,0.08990000188,0.0904000029,0.09019999951,0.09019999951,0.09000000358,0.09049999714,0.09059999883,0.09080000222,0.09080000222,0.09070000052,0.09080000222,0.09059999883,0.09089999646,0.09070000052,0.0923999995,0.09089999646,0.09080000222,0.09099999815,0.09109999985,0.09009999782,0.09109999985,0.09109999985,0.09120000154,0.09130000323,0.09139999747,0.09120000154,0.09120000154,0.09139999747,0.09120000154,0.09109999985,0.09149999917,0.09130000323,0.09130000323,0.09149999917,0.09109999985,0.09149999917,0.09149999917,0.09149999917,0.09139999747,,,,,,,,,,,,,,,,,,,,,,,,,,,,,,,,,,,,,,,,,,,,,,,,,,,,,,,
B5,0.3285999894,0.3251999915,0.3242999911,0.3199999928,0.3161000013,0.3138999939,0.3120000064,0.3111000061,0.3095999956,0.3088000119,0.3066000044,0.3066000044,0.3063000143,0.3055999875,0.3048000038,0.3037999868,0.3025999963,0.3021999896,0.3021999896,0.3007999957,0.3016000092,0.3000999987,0.2987999916,0.2957000136,0.2939999998,0.2903999984,0.2894999981,0.2865000069,0.2842000127,0.2820000052,0.2779000103,0.2737999856,0.2700999975,0.266200006,0.2621000111,0.2588999867,0.2563000023,0.2529999912,0.2504000068,0.2480999976,0.2450000048,0.2416999936,0.2398000062,0.2382999957,0.2349999994,,,,,,,,,,,,,,,,,,,,,,,,,,,,,,,,,,,,,,,,,,,,,,,,,,,,,,,
B6,0.3596000075,0.3553000093,0.3600000143,0.3612000048,0.3619000018,0.3623999953,0.359100014,0.3589999974,0.3556999862,0.3576000035,0.3580000103,0.3569000065,0.3583999872,0.3573000133,0.3594000041,0.358799994,0.3601000011,0.3616999984,0.3625999987,0.3650000095,0.3680000007,0.3671999872,0.3684000075,0.3693000078,0.3702000082,0.3698999882,0.3711999953,0.3727999926,0.3731999993,0.3727999926,0.3756999969,0.3763999939,0.3763999939,0.3776000142,0.3781999946,0.3786000013,0.3802999854,0.3811999857,0.3815999925,0.3824000061,0.3817000091,0.3833000064,0.3833000064,0.3849000037,0.3846000135,,,,,,,,,,,,,,,,,,,,,,,,,,,,,,,,,,,,,,,,,,,,,,,,,,,,,,,
B7,0.5837000012,0.6772999763,0.8165000081,0.945299983,1.013599992,1.055400014,1.096099973,1.111400008,1.128100038,1.141000032,1.150400043,1.162099957,1.16989994,1.169399977,1.175400019,1.178900003,1.184800029,1.18599999,1.188300014,1.197199941,1.188500047,1.196400046,1.200999975,1.199800014,1.201799989,1.198199987,1.206799984,1.210299969,1.217000008,1.214100003,1.217700005,1.22179997,1.218400002,1.221300006,1.221300006,1.158300042,1.205299973,1.201699972,1.177000046,1.21570003,1.152400017,1.184599996,1.190600038,1.210700035,1.192299962,,,,,,,,,,,,,,,,,,,,,,,,,,,,,,,,,,,,,,,,,,,,,,,,,,,,,,,
B8,0.5777000189,0.5665000081,0.5791000128,0.5968000293,0.6211000085,0.6369000077,0.643599987,0.6603999734,0.6197000146,0.6198999882,0.6215999722,0.6384999752,0.6276000142,0.6266000271,0.6647999883,0.6593000293,0.6025999784,0.5989999771,0.6097999811,0.5950000286,0.5842999816,0.6079000235,0.6204000115,0.5874999762,0.6011999846,0.5774999857,0.5442000031,0.5457000136,0.5514000058,0.5586000085,0.5695000291,0.5443000197,0.5321000218,0.4981000125,0.532400012,0.5426999927,0.4214000106,0.449000001,0.413199991,0.4322000146,0.4255999923,0.413500011,0.421600014,0.4322000146,0.4156000018,,,,,,,,,,,,,,,,,,,,,,,,,,,,,,,,,,,,,,,,,,,,,,,,,,,,,,,
B9,0.6402999759,0.739199996,0.8730999827,1.016700029,1.120000005,1.178900003,1.194499969,1.222000003,1.237300038,1.266299963,1.277199984,1.288300037,1.265100002,1.281299949,1.293099999,1.296800017,1.288400054,1.289199948,1.296700001,1.319100022,1.312899947,1.319800019,1.318600059,1.319300056,1.330600023,1.324599981,1.326200008,1.315799952,1.323500037,1.327000022,1.307600021,1.322399974,1.316499949,1.328299999,1.333600044,1.322000027,1.308400035,1.33099997,1.336400032,1.331799984,1.316499949,1.319499969,1.328999996,1.320799947,1.329200029,,,,,,,,,,,,,,,,,,,,,,,,,,,,,,,,,,,,,,,,,,,,,,,,,,,,,,,
B10,0.5424000025,0.5741000175,0.6017000079,0.6376000047,0.6366999745,0.6595000029,0.6485999823,0.6913999915,0.6748999953,0.6826000214,0.6762999892,0.6762999892,0.6719999909,0.6524000168,0.6607000232,0.7027999759,0.7218999863,0.6646999717,0.6685000062,0.6686999798,0.6693000197,0.671299994,0.7034000158,0.6495000124,0.6599000096,0.7028999925,0.6876999736,0.6410999894,0.6166999936,0.6342999935,0.6190999746,0.5960999727,0.5827000141,0.6613000035,0.6582999825,0.6062999964,0.6122999787,0.5396000147,0.5539000034,0.5217000246,0.4821000099,0.5156000257,0.4801000059,0.474999994,0.4686000049,,,,,,,,,,,,,,,,,,,,,,,,,,,,,,,,,,,,,,,,,,,,,,,,,,,,,,,
B11,0.6513000131,0.8001000285,0.9531999826,1.037199974,1.090199947,1.115800023,1.132400036,1.154899955,1.151100039,1.160599947,1.1796,1.164800048,1.16989994,1.194200039,1.194900036,1.186200023,1.194599986,1.1954,1.190299988,1.211099982,1.201200008,1.208299994,1.203699946,1.215999961,1.21239996,1.22360003,1.220399976,1.230100036,1.237100005,1.220100045,1.233299971,1.228099942,1.225999951,1.242799997,1.245100021,1.2421,1.235100031,1.24849999,1.255900025,1.251600027,1.266199946,1.278800011,1.255300045,1.239400029,1.243700027,,,,,,,,,,,,,,,,,,,,,,,,,,,,,,,,,,,,,,,,,,,,,,,,,,,,,,,
B12,0.6881999969,0.7621999979,1.16960001,0.8077999949,0.8823000193,0.9201999903,0.9696000218,0.9470999837,1.055999994,1.071099997,1.037700057,1.080299973,1.092300057,1.118199944,1.134500027,1.139600039,1.14470005,1.101099968,1.08920002,1.096699953,1.129299998,1.097100019,1.072399974,1.087700009,1.101500034,1.086899996,1.062999964,1.073199987,1.069100022,1.110599995,1.073300004,1.03670001,1.069900036,1.07130003,1.103600025,1.097800016,1.094799995,1.104099989,1.121199965,1.075099945,1.210100055,1.079100013,1.086199999,1.084400058,1.113499999,,,,,,,,,,,,,,,,,,,,,,,,,,,,,,,,,,,,,,,,,,,,,,,,,,,,,,,
C1,0.08869999647,0.08749999851,0.08900000155,0.08910000324,0.08950000256,0.08919999748,0.08929999918,0.08950000256,0.08940000087,0.08929999918,0.08900000155,0.08950000256,0.08950000256,0.08959999681,0.0896999985,0.08959999681,0.08959999681,0.08959999681,0.08959999681,0.08950000256,0.09139999747,0.08980000019,0.08980000019,0.08980000019,0.08980000019,0.08900000155,0.09000000358,0.09000000358,0.09009999782,0.09019999951,0.09019999951,0.09000000358,0.09009999782,0.0903000012,0.09019999951,0.09019999951,0.09049999714,0.0904000029,0.0903000012,0.0904000029,0.09049999714,0.09049999714,0.09049999714,0.09070000052,0.09070000052,,,,,,,,,,,,,,,,,,,,,,,,,,,,,,,,,,,,,,,,,,,,,,,,,,,,,,,
C2,0.09329999983,0.09170000255,0.09319999814,0.09350000322,0.09350000322,0.09300000221,0.09290000051,0.09329999983,0.09319999814,0.09329999983,0.09279999882,0.09329999983,0.09329999983,0.09340000153,0.09359999746,0.09340000153,0.09350000322,0.09359999746,0.09359999746,0.09359999746,0.09529999644,0.09369999915,0.09380000085,0.09390000254,0.09399999678,0.09300000221,0.09420000017,0.09409999847,0.09420000017,0.09430000186,0.09430000186,0.09430000186,0.09430000186,0.09449999779,0.09440000355,0.09430000186,0.09489999712,0.09459999949,0.09459999949,0.09470000118,0.09470000118,0.09480000287,0.09480000287,0.0951000005,0.09499999881,,,,,,,,,,,,,,,,,,,,,,,,,,,,,,,,,,,,,,,,,,,,,,,,,,,,,,,
C3,0.09300000221,0.09130000323,0.09229999781,0.09229999781,0.0923999995,0.09189999849,0.09189999849,0.09210000187,0.09179999679,0.09179999679,0.09149999917,0.09170000255,0.09179999679,0.09189999849,0.09200000018,0.09170000255,0.09170000255,0.09160000086,0.09170000255,0.09160000086,0.09329999983,0.09160000086,0.09149999917,0.09170000255,0.09170000255,0.09070000052,0.09160000086,0.09160000086,0.09170000255,0.09170000255,0.09170000255,0.09160000086,0.09160000086,0.09179999679,0.09160000086,0.09139999747,0.09189999849,0.09179999679,0.09179999679,0.09170000255,0.09170000255,0.09170000255,0.09160000086,0.09189999849,0.09179999679,,,,,,,,,,,,,,,,,,,,,,,,,,,,,,,,,,,,,,,,,,,,,,,,,,,,,,,
C4,0.09740000218,0.09570000321,0.09560000151,0.09560000151,0.09610000253,0.09589999914,0.09589999914,0.09619999677,0.09600000083,0.09589999914,0.09560000151,0.09589999914,0.09600000083,0.09610000253,0.09619999677,0.09600000083,0.09610000253,0.09600000083,0.09600000083,0.09600000083,0.09759999812,0.09600000083,0.09610000253,0.09610000253,0.09619999677,0.09520000219,0.09619999677,0.09629999846,0.09619999677,0.09640000015,0.09629999846,0.09610000253,0.09619999677,0.09629999846,0.09629999846,0.09629999846,0.09660000354,0.09640000015,0.09629999846,0.09640000015,0.09640000015,0.09640000015,0.09640000015,0.09640000015,0.09650000185,,,,,,,,,,,,,,,,,,,,,,,,,,,,,,,,,,,,,,,,,,,,,,,,,,,,,,,
C5,0.3224999905,0.3235000074,0.3291000128,0.3334000111,0.3379999995,0.339899987,0.342200011,0.3431999981,0.3443000019,0.3431999981,0.3431999981,0.3445000052,0.344900012,0.3440000117,0.3433000147,0.3424000144,0.342200011,0.3413999975,0.3422999978,0.341899991,0.3445000052,0.3429999948,0.341899991,0.3411000073,0.340200007,0.3397000134,0.3406000137,0.3404999971,0.3384000063,0.3370000124,0.3379000127,0.3377999961,0.3346000016,0.3346000016,0.3343000114,0.3319000006,0.3330000043,0.3323000073,0.3357000053,0.3366000056,0.3353999853,0.3359000087,0.3350999951,0.3359000087,0.3357999921,,,,,,,,,,,,,,,,,,,,,,,,,,,,,,,,,,,,,,,,,,,,,,,,,,,,,,,
C6,0.3271000087,0.3203999996,0.3206999898,0.3197000027,0.3194999993,0.3208999932,0.3194999993,0.3233999908,0.3244999945,0.3249999881,0.3258000016,0.3258999884,0.3278999925,0.3280000091,0.3303000033,0.3287999928,0.3298000097,0.3325999975,0.3327000141,0.3327000141,0.3352000117,0.333799988,0.3348999918,0.3352000117,0.3357999921,0.3359000087,0.3362999856,0.3373999894,0.3377999961,0.3404999971,0.33950001,0.33919999,0.339899987,0.3406000137,0.3404000103,0.3397000134,0.3411000073,0.3425000012,0.3409999907,0.3418000042,0.3416999876,0.3404000103,0.3407000005,0.342200011,0.3427000046,,,,,,,,,,,,,,,,,,,,,,,,,,,,,,,,,,,,,,,,,,,,,,,,,,,,,,,
C7,0.6183999777,0.643599987,Movement,0.6685000062,0.6675999761,0.6794000268,Move Plate Out,,0.7233999968,0.7400000095,0.7490000129,0.7771000266,0.777700007,0.8012999892,0.8325999975,0.8457999825,0.8507000208,0.8625000119,0.8707000017,0.8937000036,0.9031000137,0.935100019,0.9316999912,0.9381999969,0.966899991,0.9496999979,0.9592999816,0.9728000164,1.008299947,0.9887999892,0.9732000232,0.986899972,0.9987000227,1.021100044,0.9955999851,0.9914000034,1.039000034,1.003100038,1.027799964,1.007799983,1.047799945,1.020799994,1.029500008,1.065999985,1.001600027,,,,,,,,,,,,,,,,,,,,,,,,,,,,,,,,,,,,,,,,,,,,,,,,,,,,,,,
C8,0.4490999877,0.4898999929,0.549399972,0.5777000189,0.595600009,0.6207000017,0.6420000196,0.6585000157,0.6740000248,0.6725999713,0.668200016,0.6649000049,0.6654999852,0.6653000116,0.6547999978,0.6438000202,0.6366999745,0.6322000027,0.617299974,0.6079000235,0.6031000018,0.6194999814,0.6147000194,0.6001999974,0.6019999981,0.6028000116,0.5960999727,0.5885000229,0.5921999812,0.5974000096,0.5813999772,0.5889000297,0.5950000286,0.5950000286,0.6029000282,0.6061999798,0.5953999758,0.5874999762,0.5985999703,0.5932999849,0.5982999802,0.6068999767,0.605700016,0.6065000296,0.6035000086,,,,,,,,,,,,,,,,,,,,,,,,,,,,,,,,,,,,,,,,,,,,,,,,,,,,,,,
C9,0.6564999819,0.6876000166,0.692900002,0.7099999785,0.7014999986,0.7189999819,0.7120000124,0.726000011,0.7350000143,0.7440000176,0.7257000208,0.7297000289,0.7437000275,0.7247999907,0.7305999994,0.7394000292,0.7401000261,0.7293999791,0.727699995,0.7128000259,0.7405999899,0.7548000216,0.7207999825,0.7342000008,0.753099978,0.7304000258,0.7386999726,0.7432000041,0.7436000109,0.742299974,0.7249000072,0.7572000027,0.7282000184,0.7308999896,0.7473999858,0.7343000174,0.7299000025,0.7498999834,0.7355999947,0.747699976,0.7357000113,0.7135999799,0.7218999863,0.7603999972,0.7419999838,,,,,,,,,,,,,,,,,,,,,,,,,,,,,,,,,,,,,,,,,,,,,,,,,,,,,,,
C10,0.4395000041,0.4792999923,0.533100009,0.5658000112,0.5884000063,0.6154000163,0.6387000084,0.6553000212,0.6660000086,0.6715999842,0.6578000188,0.6693999767,0.6699000001,0.6692000031,0.6631000042,0.6610999703,0.6603000164,0.6671000123,0.6414999962,0.627300024,0.6090000272,0.6013000011,0.5947999954,0.5741000175,0.5465999842,0.5371000171,0.5304999948,0.5321999788,0.5375999808,0.5224999785,0.5279999971,0.5278999805,0.5321000218,0.524699986,0.5266000032,0.5371000171,0.5253999829,0.5364999771,0.5317000151,0.5303000212,0.5230000019,0.5297999978,0.532400012,0.5365999937,0.5357999802,,,,,,,,,,,,,,,,,,,,,,,,,,,,,,,,,,,,,,,,,,,,,,,,,,,,,,,
C11,0.6031000018,0.6197000146,0.6251999736,0.6413999796,0.6432999969,0.6463000178,0.6611999869,0.6585999727,0.6779000163,0.695900023,0.6757000089,0.6841999888,0.7052000165,0.6916999817,0.7053999901,0.7084000111,0.69599998,0.7059000134,0.7328000069,0.7074000239,0.7215999961,0.7120000124,0.7353000045,0.7129999995,0.7286999822,0.7178999782,0.7171000242,0.7017999887,0.6966999769,0.6999999881,0.72299999,0.7170000076,0.7305999994,0.7263000011,0.6931999922,0.7095000148,0.7095000148,0.6949999928,0.7156000137,0.7166000009,0.7203000188,0.7034000158,0.695900023,0.7012000084,0.7031000257,,,,,,,,,,,,,,,,,,,,,,,,,,,,,,,,,,,,,,,,,,,,,,,,,,,,,,,
C12,0.4641000032,0.5184999704,0.5633000135,0.6233000159,0.6506000161,0.6791999936,0.6938999891,0.7052000165,0.6965000033,0.706799984,0.7028999925,0.7046999931,0.69599998,0.6991999745,0.7103000283,0.6816999912,0.6715999842,0.6603000164,0.6511999965,0.646600008,0.6294000149,0.6302000284,0.6090999842,0.6061000228,0.5963000059,0.5940999985,0.5953000188,0.5983999968,0.5812000036,0.5936999917,0.5776000023,0.5842999816,0.5938000083,0.5838000178,0.5819000006,0.5813999772,0.5896000266,0.587100029,0.5885999799,0.5868999958,0.5857999921,0.5837000012,0.5850999951,0.5928999782,0.5860000253,,,,,,,,,,,,,,,,,,,,,,,,,,,,,,,,,,,,,,,,,,,,,,,,,,,,,,,
,,,,,,,,,,,,,,,,,,,,,,,,,,,,,,,,,,,,,,,,,,,,,,,,,,,,,,,,,,,,,,,,,,,,,,,,,,,,,,,,,,,,,,,,,,,,,,,,,,,,
,,,,,,,,,,,,,,,,,,,,,,,,,,,,,,,,,,,,,,,,,,,,,,,,,,,,,,,,,,,,,,,,,,,,,,,,,,,,,,,,,,,,,,,,,,,,,,,,,,,,
,,,,,,,,,,,,,,,,,,,,,,,,,,,,,,,,,,,,,,,,,,,,,,,,,,,,,,,,,,,,,,,,,,,,,,,,,,,,,,,,,,,,,,,,,,,,,,,,,,,,
End Time:,,,,,,,,,,,,,,,,,,,,,,,,,,,,,,,,,,,,,,,,,,,,,,,,,,,,,,,,,,,,,,,,,,,,,,,,,,,,,,,,,,,,,,,,,,,,,,,,,,,,
,,,,,,,,,,,,,,,,,,,,,,,,,,,,,,,,,,,,,,,,,,,,,,,,,,,,,,,,,,,,,,,,,,,,,,,,,,,,,,,,,,,,,,,,,,,,,,,,,,,,
,,,,,,,,,,,,,,,,,,,,,,,,,,,,,,,,,,,,,,,,,,,,,,,,,,,,,,,,,,,,,,,,,,,,,,,,,,,,,,,,,,,,,,,,,,,,,,,,,,,,
,,,,,,,,,,,,,,,,,,,,,,,,,,,,,,,,,,,,,,,,,,,,,,,,,,,,,,,,,,,,,,,,,,,,,,,,,,,,,,,,,,,,,,,,,,,,,,,,,,,,
,,,,,,,,,,,,,,,,,,,,,,,,,,,,,,,,,,,,,,,,,,,,,,,,,,,,,,,,,,,,,,,,,,,,,,,,,,,,,,,,,,,,,,,,,,,,,,,,,,,,
,,,,,,,,,,,,,,,,,,,,,,,,,,,,,,,,,,,,,,,,,,,,,,,,,,,,,,,,,,,,,,,,,,,,,,,,,,,,,,,,,,,,,,,,,,,,,,,,,,,,
Cycle Nr.,1,2,3,4,5,6,7,8,9,10,11,12,13,14,15,16,17,18,19,20,21,22,23,24,25,26,27,28,29,30,31,32,33,34,35,36,37,38,39,40,41,42,43,44,45,46,47,48,49,50,51,52,53,54,55,56,57,58,59,60,61,62,63,64,65,66,67,68,69,70,71,72,73,74,75,76,77,78,79,80,81,82,83,84,85,86,87,88,89,90,91,92,93,94,95,96,97,98,99,100
Time [s],0,913.5,1827,2740.5,3654,4567.5,5481,6394.5,7308,8221.5,9135,10048.6,10962.1,11875.6,12789.1,13702.6,14616.1,15529.6,16443.1,17356.6,18270.1,19183.6,20097.1,21010.6,21924.1,22837.6,23751.1,24664.6,25578.1,26491.6,27405.1,28318.6,29232.1,30145.6,31059.1,31972.6,32886.1,33799.6,34713.1,35627.1,36540.6,37454.1,38367.6,39281.1,40194.6,,,,,,,,,,,,,,,,,,,,,,,,,,,,,,,,,,,,,,,,,,,,,,,,,,,,,,,
Temp. [°C],23.3,37.1,36.9,36.9,37.1,37,37,36.9,37.2,36.9,37.1,36.9,37,37.1,37.1,36.9,36.9,36.8,36.9,37.1,36.9,37.1,37.3,36.8,37,37.1,37,37.1,37.1,37,37,37.1,36.9,36.9,37,37,36.9,37.2,37,37.2,37.1,37,36.9,37.3,37,,,,,,,,,,,,,,,,,,,,,,,,,,,,,,,,,,,,,,,,,,,,,,,,,,,,,,,
A1,1.58099997,0.01649999619,0.006900072098,-0.0008000135422,0.005800008774,-0.02209997177,-0.003600001335,-0.01020002365,-0.0217000246,-0.02020001411,-0.01870000362,-0.02660000324,-0.02939999104,-0.03750002384,-0.06269991398,-0.0664999485,-0.05739998817,-0.05719995499,-0.06509995461,-0.06369996071,-0.09619998932,-0.07429993153,-0.07679998875,-0.09490001202,-0.09079992771,-0.1282999516,-0.1190999746,-0.1277999878,-0.1223999262,-0.1045999527,-0.1261999607,-0.1128000021,-0.1437000036,-0.1739000082,-0.1748999357,-0.1708999872,-0.1649999619,-0.1656999588,-0.1733999252,-0.2188999653,-0.23089993,-0.198499918,-0.2390999794,-0.2562999725,-0.2077000141,,,,,,,,,,,,,,,,,,,,,,,,,,,,,,,,,,,,,,,,,,,,,,,,,,,,,,,
A2,1.700700045,1.698699951,1.686800003,1.685199976,1.68809998,1.656999946,1.658200026,1.659800053,1.651000023,1.647699952,1.638299942,1.631199956,1.635200024,1.633599997,1.643599987,1.629199982,1.61740005,1.614300013,1.61650002,1.603999972,1.603500009,1.603099942,1.594099998,1.599799991,1.584499955,1.584800005,1.575999975,1.570600033,1.56400001,1.549499989,1.55490005,1.541399956,1.544199944,1.537799954,1.528399944,1.531900048,1.519899964,1.516000032,1.507699966,1.49940002,1.493100047,1.49940002,1.48300004,1.485299945,1.472800016,,,,,,,,,,,,,,,,,,,,,,,,,,,,,,,,,,,,,,,,,,,,,,,,,,,,,,,
A3,1.675999999,1.672099948,1.675500035,1.669399977,1.670799971,1.667899966,1.667299986,1.664199948,1.661499977,1.65929997,1.654399991,1.650900006,1.651299953,1.646199942,1.64349997,1.64199996,1.643100023,1.629999995,1.623000026,1.629899979,1.623700023,1.625100017,1.618800044,1.605000019,1.599900007,1.594099998,1.593500018,1.588700056,1.582900047,1.580500007,1.57130003,1.570700049,1.565600038,1.566300035,1.561300039,1.559200048,1.554399967,1.541800022,1.542700052,1.532600045,1.523200035,1.528599977,1.515400052,1.509299994,1.507400036,,,,,,,,,,,,,,,,,,,,,,,,,,,,,,,,,,,,,,,,,,,,,,,,,,,,,,,
A4,0.09390000254,0.0923999995,0.09309999645,0.09329999983,0.09340000153,0.09309999645,0.09309999645,0.09340000153,0.09309999645,0.09300000221,0.09269999713,0.09319999814,0.09319999814,0.09340000153,0.09350000322,0.09340000153,0.09350000322,0.09340000153,0.09340000153,0.09329999983,0.09499999881,0.09350000322,0.09350000322,0.09369999915,0.09380000085,0.09279999882,0.09390000254,0.09399999678,0.09399999678,0.09399999678,0.09409999847,0.09399999678,0.09390000254,0.09409999847,0.09409999847,0.09399999678,0.09430000186,0.09409999847,0.09420000017,0.09420000017,0.09430000186,0.09449999779,0.09449999779,0.09459999949,0.09449999779,,,,,,,,,,,,,,,,,,,,,,,,,,,,,,,,,,,,,,,,,,,,,,,,,,,,,,,
A5,0.3601999879,0.3598999977,0.3657000065,0.3684999943,0.3720000088,0.3725999892,0.375,0.3758000135,0.3795000017,0.3786999881,0.3788000047,0.381099999,0.3831999898,0.3831999898,0.3837000132,0.3824000061,0.3844999969,0.3837000132,0.3840000033,0.3860000074,0.389200002,0.389200002,0.3864000142,0.3907999992,0.3889999986,0.3883000016,0.391200006,0.3903999925,0.3903000057,0.3892999887,0.3910000026,0.3930000067,0.3916999996,0.3923999965,0.3923000097,0.3959000111,0.3950000107,0.3948000073,0.3952000141,0.3984999955,0.3955000043,0.3953000009,0.396299988,0.3964000046,0.399300009,,,,,,,,,,,,,,,,,,,,,,,,,,,,,,,,,,,,,,,,,,,,,,,,,,,,,,,
A6,0.3731000125,0.3734000027,0.3792000115,0.3826999962,0.3851999938,0.3880999982,0.393599987,0.3923999965,0.3980999887,0.3970000148,0.3966999948,0.4016000032,0.4032999873,0.4041000009,0.4038000107,0.4065000117,0.4056999981,0.4072000086,0.4074999988,0.4052000046,0.4086000025,0.4093999863,0.4050000012,0.4072999954,0.4070000052,0.4065000117,0.4072999954,0.41049999,0.4083999991,0.4097000062,0.4106999934,0.4124000072,0.4095000029,0.4106999934,0.4169000089,0.407099992,0.4126000106,0.4106999934,0.4113000035,0.425999999,0.4131000042,0.4156999886,0.415899992,0.4171000123,0.4165999889,,,,,,,,,,,,,,,,,,,,,,,,,,,,,,,,,,,,,,,,,,,,,,,,,,,,,,,
A7,0.9648000002,0.9487000108,0.9623000026,0.9815999866,1.022699952,1.077499986,1.18659997,1.323600054,1.362900019,1.333299994,1.301699996,1.279099941,1.233500004,1.175500035,1.225900054,1.261600018,1.228399992,1.271600008,1.325199962,1.360200047,1.355499983,1.42869997,1.349699974,1.32280004,1.310600042,1.317899942,1.29489994,1.309999943,1.320000052,1.299299955,1.287099957,1.299900055,1.287199974,1.29460001,1.314200044,1.305099964,1.316100001,1.279700041,1.291499972,1.32249999,1.307899952,1.328999996,1.323699951,1.296000004,1.332800031,,,,,,,,,,,,,,,,,,,,,,,,,,,,,,,,,,,,,,,,,,,,,,,,,,,,,,,
A8,1.255900025,1.283100009,1.204300046,1.208899975,1.159199953,1.163800001,1.286800027,1.307500005,1.381199956,1.430099964,1.480999947,1.423900008,1.531999946,1.575799942,1.553200006,1.600800037,1.513499975,1.662700057,1.633999944,1.692800045,1.705000043,1.573199987,1.534800053,1.567000031,1.57889998,1.599799991,1.603600025,1.60010004,1.585100055,1.594099998,1.590800047,1.563899994,1.601600051,1.587499976,1.599099994,1.554100037,1.60800004,1.595100045,1.574599981,1.603999972,1.601600051,1.589100003,1.5546,1.563300014,1.607200027,,,,,,,,,,,,,,,,,,,,,,,,,,,,,,,,,,,,,,,,,,,,,,,,,,,,,,,
A9,0.8956999779,0.9136999846,0.9370999932,0.9304999709,0.9562000036,0.9958999753,1.021800041,1.072600007,1.082800031,1.094099998,1.156599998,1.137400031,1.188799977,1.175500035,1.197299957,1.234799981,1.234599948,1.233500004,1.202100039,1.267699957,1.290699959,1.313199997,1.304800034,1.32009995,1.319000006,1.306200027,1.298799992,1.254199982,1.261500001,1.268100023,1.280400038,1.334900022,1.265599966,1.305500031,1.369099975,1.327200055,1.281399965,1.303300023,1.349799991,1.336099982,1.327000022,1.320899963,1.311800003,1.324599981,1.331599951,,,,,,,,,,,,,,,,,,,,,,,,,,,,,,,,,,,,,,,,,,,,,,,,,,,,,,,
A10,1.381899953,1.438699961,1.454200029,1.461400032,1.473899961,1.488199949,1.485399961,1.494799972,1.496099949,1.498100042,1.508000016,1.498800039,1.509899974,1.50030005,1.499300003,1.510900021,1.50849998,1.506999969,1.497599959,1.513599992,1.511999965,1.512300014,1.508900046,1.506800056,1.50940001,1.503700018,1.506800056,1.516800046,1.511600018,1.510400057,1.511000037,1.505800009,1.507699966,1.505200028,1.511899948,1.51699996,1.513000011,1.506199956,1.510800004,1.512699962,1.51639998,1.515799999,1.510100007,1.506600022,1.512699962,,,,,,,,,,,,,,,,,,,,,,,,,,,,,,,,,,,,,,,,,,,,,,,,,,,,,,,
A11,1.140599966,1.202299953,1.247599959,1.301200032,1.343999982,1.368700027,1.377200007,1.406800032,1.407199979,1.416599989,1.425699949,1.435500026,1.436200023,1.43659997,1.449900031,1.452600002,1.451400042,1.460600019,1.432999969,1.456799984,1.459300041,1.460999966,1.457599998,1.466500044,1.433200002,1.463700056,1.48179996,1.455600023,1.472900033,1.475000024,1.458600044,1.469499946,1.456900001,1.470499992,1.457900047,1.482800007,1.480999947,1.466599941,1.483500004,1.487400055,1.484599948,1.497099996,1.475200057,1.479699969,1.487499952,,,,,,,,,,,,,,,,,,,,,,,,,,,,,,,,,,,,,,,,,,,,,,,,,,,,,,,
A12,1.121799946,1.147300005,1.166399956,1.187600017,1.199200034,1.231699944,1.248700023,1.264899969,1.282999992,1.284700036,1.307700038,1.304299951,1.357300043,1.353500009,1.345100045,1.403100014,1.379899979,1.43599999,1.420300007,1.475600004,1.432100058,1.446799994,1.458899975,1.466799974,1.474900007,1.426699996,1.424999952,1.484599948,1.43659997,1.465399981,1.462499976,1.457599998,1.465199947,1.470600009,1.447700024,1.486999989,1.510400057,1.477200031,1.49119997,1.512199998,1.498000026,1.498800039,1.484500051,1.469900012,1.484599948,,,,,,,,,,,,,,,,,,,,,,,,,,,,,,,,,,,,,,,,,,,,,,,,,,,,,,,
B1,0.5723999739,0.5670999885,0.5626000166,0.5527999997,0.5490999818,0.5400000215,0.5368000269,0.5310000181,0.5120999813,0.5181000233,0.5042999983,0.4984000027,0.502300024,0.4954999983,0.5008000135,0.4925999939,0.4918000102,0.4916999936,0.4896999896,0.4918000102,0.4875000119,0.4880000055,0.5005000234,0.483099997,0.4824999869,0.4726999998,0.4677000046,0.4600000083,0.4600000083,0.4580999911,0.4519000053,0.4684000015,0.4503000081,0.4481000006,0.4469000101,0.4490999877,0.4465999901,0.4406000078,0.4422000051,0.4397999942,0.456400007,0.4404999912,0.4348999858,0.4384000003,0.4352999926,,,,,,,,,,,,,,,,,,,,,,,,,,,,,,,,,,,,,,,,,,,,,,,,,,,,,,,
B2,0.1389999986,0.1356000006,0.1361999959,0.1351000071,0.1342999935,0.1342999935,0.1333999932,0.1336999983,0.1330000013,0.1328999996,0.1322000027,0.1324999928,0.1327999979,0.131400004,0.1323000044,0.1318999976,0.1315000057,0.1347000003,0.1324999928,0.132100001,0.1335999966,0.1318999976,0.132100001,0.1309999973,0.134100005,0.1316000074,0.1317999959,0.135800004,0.131400004,0.131400004,0.1322000027,0.1352999955,0.1299999952,0.1307000071,0.1301999986,0.1300999969,0.130400002,0.1298999935,0.1307999939,0.1307000071,0.131099999,0.1303000003,0.130400002,0.1307000071,0.1297000051,,,,,,,,,,,,,,,,,,,,,,,,,,,,,,,,,,,,,,,,,,,,,,,,,,,,,,,
B3,0.08659999818,0.08470000327,0.08590000123,0.08550000191,0.08630000055,0.08540000021,0.08550000191,0.08579999954,0.08540000021,0.08569999784,0.0856000036,0.08550000191,0.08519999683,0.08590000123,0.08590000123,0.08550000191,0.08600000292,0.08479999751,0.08519999683,0.08600000292,0.08649999648,0.08640000224,0.08669999987,0.08720000088,0.08720000088,0.08619999886,0.08739999682,0.0869999975,0.08739999682,0.08789999783,0.08739999682,0.0876000002,0.08720000088,0.0869999975,0.08739999682,0.0877000019,0.08799999952,0.08810000122,0.08820000291,0.08829999715,0.08860000223,0.08919999748,0.08959999681,0.09049999714,0.09049999714,,,,,,,,,,,,,,,,,,,,,,,,,,,,,,,,,,,,,,,,,,,,,,,,,,,,,,,
B4,0.08950000256,0.08799999952,0.08940000087,0.08980000019,0.09009999782,0.08990000188,0.08990000188,0.0904000029,0.09019999951,0.09019999951,0.09000000358,0.09049999714,0.09059999883,0.09080000222,0.09080000222,0.09070000052,0.09080000222,0.09059999883,0.09089999646,0.09070000052,0.0923999995,0.09089999646,0.09080000222,0.09099999815,0.09109999985,0.09009999782,0.09109999985,0.09109999985,0.09120000154,0.09130000323,0.09139999747,0.09120000154,0.09120000154,0.09139999747,0.09120000154,0.09109999985,0.09149999917,0.09130000323,0.09130000323,0.09149999917,0.09109999985,0.09149999917,0.09149999917,0.09149999917,0.09139999747,,,,,,,,,,,,,,,,,,,,,,,,,,,,,,,,,,,,,,,,,,,,,,,,,,,,,,,
B5,0.3285999894,0.3251999915,0.3242999911,0.3199999928,0.3161000013,0.3138999939,0.3120000064,0.3111000061,0.3095999956,0.3088000119,0.3066000044,0.3066000044,0.3063000143,0.3055999875,0.3048000038,0.3037999868,0.3025999963,0.3021999896,0.3021999896,0.3007999957,0.3016000092,0.3000999987,0.2987999916,0.2957000136,0.2939999998,0.2903999984,0.2894999981,0.2865000069,0.2842000127,0.2820000052,0.2779000103,0.2737999856,0.2700999975,0.266200006,0.2621000111,0.2588999867,0.2563000023,0.2529999912,0.2504000068,0.2480999976,0.2450000048,0.2416999936,0.2398000062,0.2382999957,0.2349999994,,,,,,,,,,,,,,,,,,,,,,,,,,,,,,,,,,,,,,,,,,,,,,,,,,,,,,,
B6,0.3596000075,0.3553000093,0.3600000143,0.3612000048,0.3619000018,0.3623999953,0.359100014,0.3589999974,0.3556999862,0.3576000035,0.3580000103,0.3569000065,0.3583999872,0.3573000133,0.3594000041,0.358799994,0.3601000011,0.3616999984,0.3625999987,0.3650000095,0.3680000007,0.3671999872,0.3684000075,0.3693000078,0.3702000082,0.3698999882,0.3711999953,0.3727999926,0.3731999993,0.3727999926,0.3756999969,0.3763999939,0.3763999939,0.3776000142,0.3781999946,0.3786000013,0.3802999854,0.3811999857,0.3815999925,0.3824000061,0.3817000091,0.3833000064,0.3833000064,0.3849000037,0.3846000135,,,,,,,,,,,,,,,,,,,,,,,,,,,,,,,,,,,,,,,,,,,,,,,,,,,,,,,
B7,0.5837000012,0.6772999763,0.8165000081,0.945299983,1.013599992,1.055400014,1.096099973,1.111400008,1.128100038,1.141000032,1.150400043,1.162099957,1.16989994,1.169399977,1.175400019,1.178900003,1.184800029,1.18599999,1.188300014,1.197199941,1.188500047,1.196400046,1.200999975,1.199800014,1.201799989,1.198199987,1.206799984,1.210299969,1.217000008,1.214100003,1.217700005,1.22179997,1.218400002,1.221300006,1.221300006,1.158300042,1.205299973,1.201699972,1.177000046,1.21570003,1.152400017,1.184599996,1.190600038,1.210700035,1.192299962,,,,,,,,,,,,,,,,,,,,,,,,,,,,,,,,,,,,,,,,,,,,,,,,,,,,,,,
B8,0.5777000189,0.5665000081,0.5791000128,0.5968000293,0.6211000085,0.6369000077,0.643599987,0.6603999734,0.6197000146,0.6198999882,0.6215999722,0.6384999752,0.6276000142,0.6266000271,0.6647999883,0.6593000293,0.6025999784,0.5989999771,0.6097999811,0.5950000286,0.5842999816,0.6079000235,0.6204000115,0.5874999762,0.6011999846,0.5774999857,0.5442000031,0.5457000136,0.5514000058,0.5586000085,0.5695000291,0.5443000197,0.5321000218,0.4981000125,0.532400012,0.5426999927,0.4214000106,0.449000001,0.413199991,0.4322000146,0.4255999923,0.413500011,0.421600014,0.4322000146,0.4156000018,,,,,,,,,,,,,,,,,,,,,,,,,,,,,,,,,,,,,,,,,,,,,,,,,,,,,,,
B9,0.6402999759,0.739199996,0.8730999827,1.016700029,1.120000005,1.178900003,1.194499969,1.222000003,1.237300038,1.266299963,1.277199984,1.288300037,1.265100002,1.281299949,1.293099999,1.296800017,1.288400054,1.289199948,1.296700001,1.319100022,1.312899947,1.319800019,1.318600059,1.319300056,1.330600023,1.324599981,1.326200008,1.315799952,1.323500037,1.327000022,1.307600021,1.322399974,1.316499949,1.328299999,1.333600044,1.322000027,1.308400035,1.33099997,1.336400032,1.331799984,1.316499949,1.319499969,1.328999996,1.320799947,1.329200029,,,,,,,,,,,,,,,,,,,,,,,,,,,,,,,,,,,,,,,,,,,,,,,,,,,,,,,
B10,0.5424000025,0.5741000175,0.6017000079,0.6376000047,0.6366999745,0.6595000029,0.6485999823,0.6913999915,0.6748999953,0.6826000214,0.6762999892,0.6762999892,0.6719999909,0.6524000168,0.6607000232,0.7027999759,0.7218999863,0.6646999717,0.6685000062,0.6686999798,0.6693000197,0.671299994,0.7034000158,0.6495000124,0.6599000096,0.7028999925,0.6876999736,0.6410999894,0.6166999936,0.6342999935,0.6190999746,0.5960999727,0.5827000141,0.6613000035,0.6582999825,0.6062999964,0.6122999787,0.5396000147,0.5539000034,0.5217000246,0.4821000099,0.5156000257,0.4801000059,0.474999994,0.4686000049,,,,,,,,,,,,,,,,,,,,,,,,,,,,,,,,,,,,,,,,,,,,,,,,,,,,,,,
B11,0.6513000131,0.8001000285,0.9531999826,1.037199974,1.090199947,1.115800023,1.132400036,1.154899955,1.151100039,1.160599947,1.1796,1.164800048,1.16989994,1.194200039,1.194900036,1.186200023,1.194599986,1.1954,1.190299988,1.211099982,1.201200008,1.208299994,1.203699946,1.215999961,1.21239996,1.22360003,1.220399976,1.230100036,1.237100005,1.220100045,1.233299971,1.228099942,1.225999951,1.242799997,1.245100021,1.2421,1.235100031,1.24849999,1.255900025,1.251600027,1.266199946,1.278800011,1.255300045,1.239400029,1.243700027,,,,,,,,,,,,,,,,,,,,,,,,,,,,,,,,,,,,,,,,,,,,,,,,,,,,,,,
B12,0.6881999969,0.7621999979,1.16960001,0.8077999949,0.8823000193,0.9201999903,0.9696000218,0.9470999837,1.055999994,1.071099997,1.037700057,1.080299973,1.092300057,1.118199944,1.134500027,1.139600039,1.14470005,1.101099968,1.08920002,1.096699953,1.129299998,1.097100019,1.072399974,1.087700009,1.101500034,1.086899996,1.062999964,1.073199987,1.069100022,1.110599995,1.073300004,1.03670001,1.069900036,1.07130003,1.103600025,1.097800016,1.094799995,1.104099989,1.121199965,1.075099945,1.210100055,1.079100013,1.086199999,1.084400058,1.113499999,,,,,,,,,,,,,,,,,,,,,,,,,,,,,,,,,,,,,,,,,,,,,,,,,,,,,,,
C1,0.08869999647,0.08749999851,0.08900000155,0.08910000324,0.08950000256,0.08919999748,0.08929999918,0.08950000256,0.08940000087,0.08929999918,0.08900000155,0.08950000256,0.08950000256,0.08959999681,0.0896999985,0.08959999681,0.08959999681,0.08959999681,0.08959999681,0.08950000256,0.09139999747,0.08980000019,0.08980000019,0.08980000019,0.08980000019,0.08900000155,0.09000000358,0.09000000358,0.09009999782,0.09019999951,0.09019999951,0.09000000358,0.09009999782,0.0903000012,0.09019999951,0.09019999951,0.09049999714,0.0904000029,0.0903000012,0.0904000029,0.09049999714,0.09049999714,0.09049999714,0.09070000052,0.09070000052,,,,,,,,,,,,,,,,,,,,,,,,,,,,,,,,,,,,,,,,,,,,,,,,,,,,,,,
C2,0.09329999983,0.09170000255,0.09319999814,0.09350000322,0.09350000322,0.09300000221,0.09290000051,0.09329999983,0.09319999814,0.09329999983,0.09279999882,0.09329999983,0.09329999983,0.09340000153,0.09359999746,0.09340000153,0.09350000322,0.09359999746,0.09359999746,0.09359999746,0.09529999644,0.09369999915,0.09380000085,0.09390000254,0.09399999678,0.09300000221,0.09420000017,0.09409999847,0.09420000017,0.09430000186,0.09430000186,0.09430000186,0.09430000186,0.09449999779,0.09440000355,0.09430000186,0.09489999712,0.09459999949,0.09459999949,0.09470000118,0.09470000118,0.09480000287,0.09480000287,0.0951000005,0.09499999881,,,,,,,,,,,,,,,,,,,,,,,,,,,,,,,,,,,,,,,,,,,,,,,,,,,,,,,
C3,0.09300000221,0.09130000323,0.09229999781,0.09229999781,0.0923999995,0.09189999849,0.09189999849,0.09210000187,0.09179999679,0.09179999679,0.09149999917,0.09170000255,0.09179999679,0.09189999849,0.09200000018,0.09170000255,0.09170000255,0.09160000086,0.09170000255,0.09160000086,0.09329999983,0.09160000086,0.09149999917,0.09170000255,0.09170000255,0.09070000052,0.09160000086,0.09160000086,0.09170000255,0.09170000255,0.09170000255,0.09160000086,0.09160000086,0.09179999679,0.09160000086,0.09139999747,0.09189999849,0.09179999679,0.09179999679,0.09170000255,0.09170000255,0.09170000255,0.09160000086,0.09189999849,0.09179999679,,,,,,,,,,,,,,,,,,,,,,,,,,,,,,,,,,,,,,,,,,,,,,,,,,,,,,,
C4,0.09740000218,0.09570000321,0.09560000151,0.09560000151,0.09610000253,0.09589999914,0.09589999914,0.09619999677,0.09600000083,0.09589999914,0.09560000151,0.09589999914,0.09600000083,0.09610000253,0.09619999677,0.09600000083,0.09610000253,0.09600000083,0.09600000083,0.09600000083,0.09759999812,0.09600000083,0.09610000253,0.09610000253,0.09619999677,0.09520000219,0.09619999677,0.09629999846,0.09619999677,0.09640000015,0.09629999846,0.09610000253,0.09619999677,0.09629999846,0.09629999846,0.09629999846,0.09660000354,0.09640000015,0.09629999846,0.09640000015,0.09640000015,0.09640000015,0.09640000015,0.09640000015,0.09650000185,,,,,,,,,,,,,,,,,,,,,,,,,,,,,,,,,,,,,,,,,,,,,,,,,,,,,,,
C5,0.3224999905,0.3235000074,0.3291000128,0.3334000111,0.3379999995,0.339899987,0.342200011,0.3431999981,0.3443000019,0.3431999981,0.3431999981,0.3445000052,0.344900012,0.3440000117,0.3433000147,0.3424000144,0.342200011,0.3413999975,0.3422999978,0.341899991,0.3445000052,0.3429999948,0.341899991,0.3411000073,0.340200007,0.3397000134,0.3406000137,0.3404999971,0.3384000063,0.3370000124,0.3379000127,0.3377999961,0.3346000016,0.3346000016,0.3343000114,0.3319000006,0.3330000043,0.3323000073,0.3357000053,0.3366000056,0.3353999853,0.3359000087,0.3350999951,0.3359000087,0.3357999921,,,,,,,,,,,,,,,,,,,,,,,,,,,,,,,,,,,,,,,,,,,,,,,,,,,,,,,
C6,0.3271000087,0.3203999996,0.3206999898,0.3197000027,0.3194999993,0.3208999932,0.3194999993,0.3233999908,0.3244999945,0.3249999881,0.3258000016,0.3258999884,0.3278999925,0.3280000091,0.3303000033,0.3287999928,0.3298000097,0.3325999975,0.3327000141,0.3327000141,0.3352000117,0.333799988,0.3348999918,0.3352000117,0.3357999921,0.3359000087,0.3362999856,0.3373999894,0.3377999961,0.3404999971,0.33950001,0.33919999,0.339899987,0.3406000137,0.3404000103,0.3397000134,0.3411000073,0.3425000012,0.3409999907,0.3418000042,0.3416999876,0.3404000103,0.3407000005,0.342200011,0.3427000046,,,,,,,,,,,,,,,,,,,,,,,,,,,,,,,,,,,,,,,,,,,,,,,,,,,,,,,
C7,0.6183999777,0.643599987,Movement,0.6685000062,0.6675999761,0.6794000268,Move Plate Out,,0.7233999968,0.7400000095,0.7490000129,0.7771000266,0.777700007,0.8012999892,0.8325999975,0.8457999825,0.8507000208,0.8625000119,0.8707000017,0.8937000036,0.9031000137,0.935100019,0.9316999912,0.9381999969,0.966899991,0.9496999979,0.9592999816,0.9728000164,1.008299947,0.9887999892,0.9732000232,0.986899972,0.9987000227,1.021100044,0.9955999851,0.9914000034,1.039000034,1.003100038,1.027799964,1.007799983,1.047799945,1.020799994,1.029500008,1.065999985,1.001600027,,,,,,,,,,,,,,,,,,,,,,,,,,,,,,,,,,,,,,,,,,,,,,,,,,,,,,,
C8,0.4490999877,0.4898999929,0.549399972,0.5777000189,0.595600009,0.6207000017,0.6420000196,0.6585000157,0.6740000248,0.6725999713,0.668200016,0.6649000049,0.6654999852,0.6653000116,0.6547999978,0.6438000202,0.6366999745,0.6322000027,0.617299974,0.6079000235,0.6031000018,0.6194999814,0.6147000194,0.6001999974,0.6019999981,0.6028000116,0.5960999727,0.5885000229,0.5921999812,0.5974000096,0.5813999772,0.5889000297,0.5950000286,0.5950000286,0.6029000282,0.6061999798,0.5953999758,0.5874999762,0.5985999703,0.5932999849,0.5982999802,0.6068999767,0.605700016,0.6065000296,0.6035000086,,,,,,,,,,,,,,,,,,,,,,,,,,,,,,,,,,,,,,,,,,,,,,,,,,,,,,,
C9,0.6564999819,0.6876000166,0.692900002,0.7099999785,0.7014999986,0.7189999819,0.7120000124,0.726000011,0.7350000143,0.7440000176,0.7257000208,0.7297000289,0.7437000275,0.7247999907,0.7305999994,0.7394000292,0.7401000261,0.7293999791,0.727699995,0.7128000259,0.7405999899,0.7548000216,0.7207999825,0.7342000008,0.753099978,0.7304000258,0.7386999726,0.7432000041,0.7436000109,0.742299974,0.7249000072,0.7572000027,0.7282000184,0.7308999896,0.7473999858,0.7343000174,0.7299000025,0.7498999834,0.7355999947,0.747699976,0.7357000113,0.7135999799,0.7218999863,0.7603999972,0.7419999838,,,,,,,,,,,,,,,,,,,,,,,,,,,,,,,,,,,,,,,,,,,,,,,,,,,,,,,
C10,0.4395000041,0.4792999923,0.533100009,0.5658000112,0.5884000063,0.6154000163,0.6387000084,0.6553000212,0.6660000086,0.6715999842,0.6578000188,0.6693999767,0.6699000001,0.6692000031,0.6631000042,0.6610999703,0.6603000164,0.6671000123,0.6414999962,0.627300024,0.6090000272,0.6013000011,0.5947999954,0.5741000175,0.5465999842,0.5371000171,0.5304999948,0.5321999788,0.5375999808,0.5224999785,0.5279999971,0.5278999805,0.5321000218,0.524699986,0.5266000032,0.5371000171,0.5253999829,0.5364999771,0.5317000151,0.5303000212,0.5230000019,0.5297999978,0.532400012,0.5365999937,0.5357999802,,,,,,,,,,,,,,,,,,,,,,,,,,,,,,,,,,,,,,,,,,,,,,,,,,,,,,,
C11,0.6031000018,0.6197000146,0.6251999736,0.6413999796,0.6432999969,0.6463000178,0.6611999869,0.6585999727,0.6779000163,0.695900023,0.6757000089,0.6841999888,0.7052000165,0.6916999817,0.7053999901,0.7084000111,0.69599998,0.7059000134,0.7328000069,0.7074000239,0.7215999961,0.7120000124,0.7353000045,0.7129999995,0.7286999822,0.7178999782,0.7171000242,0.7017999887,0.6966999769,0.6999999881,0.72299999,0.7170000076,0.7305999994,0.7263000011,0.6931999922,0.7095000148,0.7095000148,0.6949999928,0.7156000137,0.7166000009,0.7203000188,0.7034000158,0.695900023,0.7012000084,0.7031000257,,,,,,,,,,,,,,,,,,,,,,,,,,,,,,,,,,,,,,,,,,,,,,,,,,,,,,,
C12,0.4641000032,0.5184999704,0.5633000135,0.6233000159,0.6506000161,0.6791999936,0.6938999891,0.7052000165,0.6965000033,0.706799984,0.7028999925,0.7046999931,0.69599998,0.6991999745,0.7103000283,0.6816999912,0.6715999842,0.6603000164,0.6511999965,0.646600008,0.6294000149,0.6302000284,0.6090999842,0.6061000228,0.5963000059,0.5940999985,0.5953000188,0.5983999968,0.5812000036,0.5936999917,0.5776000023,0.5842999816,0.5938000083,0.5838000178,0.5819000006,0.5813999772,0.5896000266,0.587100029,0.5885999799,0.5868999958,0.5857999921,0.5837000012,0.5850999951,0.5928999782,0.5860000253,,,,,,,,,,,,,,,,,,,,,,,,,,,,,,,,,,,,,,,,,,,,,,,,,,,,,,,